{
	"camera_data":
	{
		"location_worldframe": [ 114.19529724121094, 234.26190185546875, 245 ],
		"quaternion_xyzw_worldframe": [ 0.25180000066757202, 0.16470000147819519, -0.84530001878738403, 0.44150000810623169 ]
	},
	"objects": [
		{
			"class": "SM_Opened_Book",
			"instance_id": 0,
			"visibility": 1,
			"location": [ 65.552101135253906, 51.612201690673828, 276.58380126953125 ],
			"quaternion_xyzw": [ 0.27430000901222229, -0.3052000105381012, -0.12370000034570694, 0.9035000205039978 ],
			"pose_transform": [
				[ -6.1930999755859375, -4.2017002105712891, 6.6325998306274414, 0 ],
				[ 7.8313999176025391, -3.9086000919342041, 4.8365001678466797, 0 ],
				[ -0.56029999256134033, -8.1894998550415039, -5.7112002372741699, 0 ],
				[ 65.552101135253906, 51.612201690673828, 276.58380126953125, 1 ]
			],
			"cuboid_centroid": [ 36.535701751708984, 52.886100769042969, 272.9071044921875 ],
			"projected_cuboid_centroid": [ 1088.521240234375, 726.03631591796875 ],
			"bounding_box":
			{
				"top_left": [ 673.4459228515625, 1011.6190185546875 ],
				"bottom_right": [ 795.335693359375, 1169.2021484375 ]
			},
			"cuboid": [
				[ 33.744300842285156, 37.932701110839844, 290.09140014648438 ],
				[ 14.996199607849121, 47.289798736572266, 278.51309204101562 ],
				[ 15.286199569702148, 51.528999328613281, 281.46939086914062 ],
				[ 34.0343017578125, 42.171901702880859, 293.04769897460938 ],
				[ 57.785198211669922, 54.243099212646484, 264.34478759765625 ],
				[ 39.037101745605469, 63.600200653076172, 252.76640319824219 ],
				[ 39.327098846435547, 67.839401245117188, 255.72270202636719 ],
				[ 58.075199127197266, 58.4822998046875, 267.30108642578125 ]
			],
			"projected_cuboid": [
				[ 1071.67041015625, 665.5308837890625 ],
				[ 1011.690185546875, 703.002197265625 ],
				[ 1012.1364135742188, 715.74859619140625 ],
				[ 1071.4940185546875, 678.15179443359375 ],
				[ 1169.854248046875, 736.990478515625 ],
				[ 1108.2618408203125, 781.55181884765625 ],
				[ 1107.6368408203125, 794.673583984375 ],
				[ 1168.5748291015625, 750.03668212890625 ]
			]
		},
		{
			"class": "SM_Plates",
			"instance_id": 0,
			"visibility": 1,
			"location": [ 116.50489807128906, 60.554500579833984, 242.48680114746094 ],
			"quaternion_xyzw": [ 0.27430000901222229, -0.3052000105381012, -0.12370000034570694, 0.9035000205039978 ],
			"pose_transform": [
				[ -6.1930999755859375, -4.2017002105712891, 6.6325998306274414, 0 ],
				[ 7.8313999176025391, -3.9086000919342041, 4.8365001678466797, 0 ],
				[ -0.56029999256134033, -8.1894998550415039, -5.7112002372741699, 0 ],
				[ 116.50489807128906, 60.554500579833984, 242.48680114746094, 1 ]
			],
			"cuboid_centroid": [ 87.554702758789062, 62.829399108886719, 239.5115966796875 ],
			"projected_cuboid_centroid": [ 1310.9332275390625, 791.8302001953125 ],
			"bounding_box":
			{
				"top_left": [ 750.72821044921875, 1258.738037109375 ],
				"bottom_right": [ 836.30450439453125, 1365.513427734375 ]
			},
			"cuboid": [
				[ 89.411300659179688, 51.914798736572266, 252.20050048828125 ],
				[ 70.839797973632812, 61.183700561523438, 240.731201171875 ],
				[ 71.0177001953125, 63.784198760986328, 242.54469299316406 ],
				[ 89.589202880859375, 54.515300750732422, 254.01400756835938 ],
				[ 104.09169769287109, 61.874599456787109, 236.47850036621094 ],
				[ 85.520103454589844, 71.143600463867188, 225.00920104980469 ],
				[ 85.698097229003906, 73.744102478027344, 226.82269287109375 ],
				[ 104.26959991455078, 64.47509765625, 238.29200744628906 ]
			],
			"projected_cuboid": [
				[ 1300.343994140625, 737.613525390625 ],
				[ 1242.4986572265625, 783.99169921875 ],
				[ 1241.090576171875, 792.460205078125 ],
				[ 1298.5865478515625, 746.03082275390625 ],
				[ 1382.5672607421875, 791.18408203125 ],
				[ 1324.8712158203125, 843.53338623046875 ],
				[ 1322.70703125, 852.11297607421875 ],
				[ 1380.0679931640625, 799.7490234375 ]
			]
		},
		{
			"class": "SM_Coffe_Table_1",
			"instance_id": 0,
			"visibility": 0,
			"location": [ 58.355800628662109, 108.79190063476562, 263.6339111328125 ],
			"quaternion_xyzw": [ 0.16470000147819519, 0.84530001878738403, 0.25180000066757202, 0.44150000810623169 ],
			"pose_transform": [
				[ 8.2936000823974609, 2.8031001091003418, -4.8330998420715332, 0 ],
				[ -5.5590000152587891, 5.0074000358581543, -6.6350002288818359, 0 ],
				[ -0.56029999256134033, -8.1894998550415039, -5.7112002372741699, 0 ],
				[ 58.355800628662109, 108.79190063476562, 263.6339111328125, 1 ]
			],
			"cuboid_centroid": [ 83.339897155761719, 80.689399719238281, 259.1715087890625 ],
			"projected_cuboid_centroid": [ 1268.700439453125, 838.88262939453125 ],
			"bounding_box":
			{
				"top_left": [ 704.31787109375, 1162.9639892578125 ],
				"bottom_right": [ 969.0946044921875, 1392.058837890625 ]
			},
			"cuboid": [
				[ 88.697303771972656, 80.072700500488281, 217.22149658203125 ],
				[ 115.98860168457031, 55.489601135253906, 249.79499816894531 ],
				[ 118.69619750976562, 95.067001342773438, 277.39529418945312 ],
				[ 91.404800415039062, 119.65000152587891, 244.82179260253906 ],
				[ 47.983699798583984, 66.311897277832031, 240.94769287109375 ],
				[ 75.275001525878906, 41.728900909423828, 273.52120971679688 ],
				[ 77.982597351074219, 81.306198120117188, 301.12149047851562 ],
				[ 50.691299438476562, 105.88919830322266, 268.54800415039062 ]
			],
			"projected_cuboid": [
				[ 1351.993408203125, 893.87738037109375 ],
				[ 1405.7618408203125, 753.25518798828125 ],
				[ 1370.77978515625, 869.00457763671875 ],
				[ 1318.4188232421875, 1009.1740112304688 ],
				[ 1151.1800537109375, 804.2042236328125 ],
				[ 1224.19921875, 686.45928955078125 ],
				[ 1208.614990234375, 799.2108154296875 ],
				[ 1141.210205078125, 918.53057861328125 ]
			]
		},
		{
			"class": "SM_Magazine_2",
			"instance_id": 0,
			"visibility": 1,
			"location": [ -15.170200347900391, -6.8187999725341797, 364.78759765625 ],
			"quaternion_xyzw": [ 0.28979998826980591, -0.16509999334812164, -0.080799996852874756, 0.93930000066757202 ],
			"pose_transform": [
				[ -3.5704998970031738, -5.1774997711181641, 7.7746000289916992, 0 ],
				[ 9.324000358581543, -2.4748001098632812, 2.6340000629425049, 0 ],
				[ -0.56029999256134033, -8.1894998550415039, -5.7112002372741699, 0 ],
				[ -15.170200347900391, -6.8187999725341797, 364.78759765625, 1 ]
			],
			"cuboid_centroid": [ -44.826499938964844, -9.8776998519897461, 368.79800415039062 ],
			"projected_cuboid_centroid": [ 843.3148193359375, 514.28802490234375 ],
			"bounding_box":
			{
				"top_left": [ 486.99578857421875, 795.9774169921875 ],
				"bottom_right": [ 543.74871826171875, 892.08538818359375 ]
			},
			"cuboid": [
				[ -34.305500030517578, -21.944499969482422, 381.68661499023438 ],
				[ -64.498397827148438, -13.930700302124023, 373.1571044921875 ],
				[ -64.281898498535156, -10.766500473022461, 375.36380004882812 ],
				[ -34.089000701904297, -18.780300140380859, 383.8931884765625 ],
				[ -25.371000289916992, -8.988800048828125, 362.2322998046875 ],
				[ -55.563899993896484, -0.97500002384185791, 353.70291137695312 ],
				[ -55.347400665283203, 2.1891999244689941, 355.90960693359375 ],
				[ -25.154600143432617, -5.8246002197265625, 364.43890380859375 ]
			],
			"projected_cuboid": [
				[ 873.71661376953125, 484.80630493164062 ],
				[ 794.069091796875, 504.16119384765625 ],
				[ 795.59820556640625, 512.46441650390625 ],
				[ 874.7540283203125, 493.03628540039062 ],
				[ 892.76123046875, 516.1776123046875 ],
				[ 809.1920166015625, 537.35369873046875 ],
				[ 810.71099853515625, 545.9049072265625 ],
				[ 893.7384033203125, 524.656982421875 ]
			]
		}
	]
}