{
	"camera_data":
	{
		"location_worldframe": [ 114.19529724121094, 234.26190185546875, 245 ],
		"quaternion_xyzw_worldframe": [ 0.25180000066757202, 0.16470000147819519, -0.84530001878738403, 0.44150000810623169 ]
	},
	"objects": [
		{
			"class": "SM_Cup",
			"instance_id": 0,
			"visibility": 1,
			"location": [ 22.065500259399414, 40.370601654052734, 296.96969604492188 ],
			"quaternion_xyzw": [ 0.069399997591972351, 0.94499999284744263, 0.29280000925064087, 0.12829999625682831 ],
			"pose_transform": [
				[ 2.8320999145507812, 5.3548998832702637, -7.9563999176025391, 0 ],
				[ -9.5741996765136719, 2.0631999969482422, -2.0192999839782715, 0 ],
				[ -0.56029999256134033, -8.1894998550415039, -5.7112002372741699, 0 ],
				[ 22.065500259399414, 40.370601654052734, 296.96969604492188, 1 ]
			],
			"cuboid_centroid": [ 50.075401306152344, 40.704200744628906, 288.31170654296875 ],
			"projected_cuboid_centroid": [ 1126.73779296875, 675.53411865234375 ],
			"bounding_box":
			{
				"top_left": [ 654.572509765625, 1097.6290283203125 ],
				"bottom_right": [ 701.91302490234375, 1155.7430419921875 ]
			},
			"cuboid": [
				[ 44.613498687744141, 43.995601654052734, 278.72320556640625 ],
				[ 59.634799957275391, 40.758598327636719, 281.89129638671875 ],
				[ 59.980598449707031, 45.814201354980469, 285.4169921875 ],
				[ 44.959300994873047, 49.051300048828125, 282.2489013671875 ],
				[ 40.170101165771484, 35.594200134277344, 291.206298828125 ],
				[ 55.191398620605469, 32.357101440429688, 294.3743896484375 ],
				[ 55.537300109863281, 37.412799835205078, 297.90008544921875 ],
				[ 40.515998840332031, 40.649898529052734, 294.73190307617188 ]
			],
			"projected_cuboid": [
				[ 1113.661376953125, 691.533203125 ],
				[ 1163.0904541015625, 678.8060302734375 ],
				[ 1161.7449951171875, 694.09619140625 ],
				[ 1112.918212890625, 706.83587646484375 ],
				[ 1092.4263916015625, 657.34100341796875 ],
				[ 1139.98779296875, 645.5216064453125 ],
				[ 1138.97216796875, 660.56488037109375 ],
				[ 1091.96875, 672.40460205078125 ]
			]
		},
		{
			"class": "SM_Sofa",
			"instance_id": 0,
			"visibility": 0,
			"location": [ 16.325000762939453, 63.975101470947266, 347.78048706054688 ],
			"quaternion_xyzw": [ 0.16470000147819519, 0.84530001878738403, 0.25180000066757202, 0.44150000810623169 ],
			"pose_transform": [
				[ 8.2936000823974609, 2.8031001091003418, -4.8330998420715332, 0 ],
				[ -5.5590000152587891, 5.0074000358581543, -6.6350002288818359, 0 ],
				[ -0.56029999256134033, -8.1894998550415039, -5.7112002372741699, 0 ],
				[ 16.325000762939453, 63.975101470947266, 347.78048706054688, 1 ]
			],
			"cuboid_centroid": [ 56.823398590087891, 6.2069997787475586, 358.34469604492188 ],
			"projected_cuboid_centroid": [ 1112.229248046875, 556.62860107421875 ],
			"bounding_box":
			{
				"top_left": [ 368.89498901367188, 771.07830810546875 ],
				"bottom_right": [ 870.47662353515625, 1541.7205810546875 ]
			},
			"cuboid": [
				[ 134.96519470214844, 35.968299865722656, 239.96670532226562 ],
				[ 190.56329345703125, -14.112500190734863, 306.3258056640625 ],
				[ 194.91740417480469, 49.531200408935547, 350.70928955078125 ],
				[ 139.31919860839844, 99.61199951171875, 284.35018920898438 ],
				[ -81.270500183105469, -37.117099761962891, 365.9801025390625 ],
				[ -25.672399520874023, -87.197898864746094, 432.339111328125 ],
				[ -21.318300247192383, -23.554300308227539, 476.72268676757812 ],
				[ -76.916496276855469, 26.526500701904297, 410.36358642578125 ]
			],
			"projected_cuboid": [
				[ 1499.935791015625, 683.89337158203125 ],
				[ 1557.210205078125, 495.772705078125 ],
				[ 1493.5494384765625, 675.582275390625 ],
				[ 1430.358154296875, 876.302001953125 ],
				[ 746.82000732421875, 442.6383056640625 ],
				[ 902.99542236328125, 346.37881469726562 ],
				[ 917.07037353515625, 492.56759643554688 ],
				[ 780.0626220703125, 602.055908203125 ]
			]
		},
		{
			"class": "SM_Plates",
			"instance_id": 0,
			"visibility": 1,
			"location": [ 116.50489807128906, 60.554500579833984, 242.48680114746094 ],
			"quaternion_xyzw": [ 0.27430000901222229, -0.3052000105381012, -0.12370000034570694, 0.9035000205039978 ],
			"pose_transform": [
				[ -6.1930999755859375, -4.2017002105712891, 6.6325998306274414, 0 ],
				[ 7.8313999176025391, -3.9086000919342041, 4.8365001678466797, 0 ],
				[ -0.56029999256134033, -8.1894998550415039, -5.7112002372741699, 0 ],
				[ 116.50489807128906, 60.554500579833984, 242.48680114746094, 1 ]
			],
			"cuboid_centroid": [ 87.554702758789062, 62.829399108886719, 239.5115966796875 ],
			"projected_cuboid_centroid": [ 1310.9332275390625, 791.8302001953125 ],
			"bounding_box":
			{
				"top_left": [ 750.72821044921875, 1258.738037109375 ],
				"bottom_right": [ 836.30450439453125, 1365.513427734375 ]
			},
			"cuboid": [
				[ 89.411300659179688, 51.914798736572266, 252.20050048828125 ],
				[ 70.839797973632812, 61.183700561523438, 240.731201171875 ],
				[ 71.0177001953125, 63.784198760986328, 242.54469299316406 ],
				[ 89.589202880859375, 54.515300750732422, 254.01400756835938 ],
				[ 104.09169769287109, 61.874599456787109, 236.47850036621094 ],
				[ 85.520103454589844, 71.143600463867188, 225.00920104980469 ],
				[ 85.698097229003906, 73.744102478027344, 226.82269287109375 ],
				[ 104.26959991455078, 64.47509765625, 238.29200744628906 ]
			],
			"projected_cuboid": [
				[ 1300.343994140625, 737.613525390625 ],
				[ 1242.4986572265625, 783.99169921875 ],
				[ 1241.090576171875, 792.460205078125 ],
				[ 1298.5865478515625, 746.03082275390625 ],
				[ 1382.5672607421875, 791.18408203125 ],
				[ 1324.8712158203125, 843.53338623046875 ],
				[ 1322.70703125, 852.11297607421875 ],
				[ 1380.0679931640625, 799.7490234375 ]
			]
		},
		{
			"class": "SM_Coffe_Table_1",
			"instance_id": 0,
			"visibility": 0,
			"location": [ 58.355800628662109, 108.79190063476562, 263.6339111328125 ],
			"quaternion_xyzw": [ 0.16470000147819519, 0.84530001878738403, 0.25180000066757202, 0.44150000810623169 ],
			"pose_transform": [
				[ 8.2936000823974609, 2.8031001091003418, -4.8330998420715332, 0 ],
				[ -5.5590000152587891, 5.0074000358581543, -6.6350002288818359, 0 ],
				[ -0.56029999256134033, -8.1894998550415039, -5.7112002372741699, 0 ],
				[ 58.355800628662109, 108.79190063476562, 263.6339111328125, 1 ]
			],
			"cuboid_centroid": [ 83.339897155761719, 80.689399719238281, 259.1715087890625 ],
			"projected_cuboid_centroid": [ 1268.700439453125, 838.88262939453125 ],
			"bounding_box":
			{
				"top_left": [ 704.31787109375, 1162.9639892578125 ],
				"bottom_right": [ 969.0946044921875, 1392.058837890625 ]
			},
			"cuboid": [
				[ 88.697303771972656, 80.072700500488281, 217.22149658203125 ],
				[ 115.98860168457031, 55.489601135253906, 249.79499816894531 ],
				[ 118.69619750976562, 95.067001342773438, 277.39529418945312 ],
				[ 91.404800415039062, 119.65000152587891, 244.82179260253906 ],
				[ 47.983699798583984, 66.311897277832031, 240.94769287109375 ],
				[ 75.275001525878906, 41.728900909423828, 273.52120971679688 ],
				[ 77.982597351074219, 81.306198120117188, 301.12149047851562 ],
				[ 50.691299438476562, 105.88919830322266, 268.54800415039062 ]
			],
			"projected_cuboid": [
				[ 1351.993408203125, 893.87738037109375 ],
				[ 1405.7618408203125, 753.25518798828125 ],
				[ 1370.77978515625, 869.00457763671875 ],
				[ 1318.4188232421875, 1009.1740112304688 ],
				[ 1151.1800537109375, 804.2042236328125 ],
				[ 1224.19921875, 686.45928955078125 ],
				[ 1208.614990234375, 799.2108154296875 ],
				[ 1141.210205078125, 918.53057861328125 ]
			]
		}
	]
}