{
	"camera_data":
	{
		"location_worldframe": [ 114.19529724121094, 234.26190185546875, 245 ],
		"quaternion_xyzw_worldframe": [ 0.25180000066757202, 0.16470000147819519, -0.84530001878738403, 0.44150000810623169 ]
	},
	"objects": [
		{
			"class": "SM_Coffe_Table_2",
			"instance_id": 0,
			"visibility": 0,
			"location": [ 17.555200576782227, 93.125198364257812, 290.10159301757812 ],
			"quaternion_xyzw": [ 0.16470000147819519, 0.84530001878738403, 0.25180000066757202, 0.44150000810623169 ],
			"pose_transform": [
				[ 8.2936000823974609, 2.8031001091003418, -4.8330998420715332, 0 ],
				[ -5.5590000152587891, 5.0074000358581543, -6.6350002288818359, 0 ],
				[ -0.56029999256134033, -8.1894998550415039, -5.7112002372741699, 0 ],
				[ 17.555200576782227, 93.125198364257812, 290.10159301757812, 1 ]
			],
			"cuboid_centroid": [ 42.799701690673828, 68.827903747558594, 288.29278564453125 ],
			"projected_cuboid_centroid": [ 1102.52099609375, 769.19329833984375 ],
			"bounding_box":
			{
				"top_left": [ 651.04840087890625, 997.5491943359375 ],
				"bottom_right": [ 892.55438232421875, 1216.1578369140625 ]
			},
			"cuboid": [
				[ 49.584701538085938, 75.347602844238281, 244.11480712890625 ],
				[ 81.610298156738281, 46.500099182128906, 282.33880615234375 ],
				[ 83.796600341796875, 78.457901000976562, 304.62539672851562 ],
				[ 51.770999908447266, 107.30539703369141, 266.40130615234375 ],
				[ 1.8028000593185425, 59.197799682617188, 271.960205078125 ],
				[ 33.828399658203125, 30.350400924682617, 310.1842041015625 ],
				[ 36.014701843261719, 62.308101654052734, 332.470703125 ],
				[ 3.9890999794006348, 91.155601501464844, 294.2467041015625 ]
			],
			"projected_cuboid": [
				[ 1154.995849609375, 836.310302734375 ],
				[ 1237.489013671875, 698.1085205078125 ],
				[ 1224.07763671875, 787.253173828125 ],
				[ 1146.5614013671875, 926.6842041015625 ],
				[ 966.36419677734375, 748.96417236328125 ],
				[ 1064.697021484375, 633.932373046875 ],
				[ 1063.9918212890625, 719.91290283203125 ],
				[ 973.0150146484375, 837.40130615234375 ]
			]
		},
		{
			"class": "SM_Cup",
			"instance_id": 0,
			"visibility": 1,
			"location": [ 22.065500259399414, 40.370601654052734, 296.96969604492188 ],
			"quaternion_xyzw": [ 0.069399997591972351, 0.94499999284744263, 0.29280000925064087, 0.12829999625682831 ],
			"pose_transform": [
				[ 2.8320999145507812, 5.3548998832702637, -7.9563999176025391, 0 ],
				[ -9.5741996765136719, 2.0631999969482422, -2.0192999839782715, 0 ],
				[ -0.56029999256134033, -8.1894998550415039, -5.7112002372741699, 0 ],
				[ 22.065500259399414, 40.370601654052734, 296.96969604492188, 1 ]
			],
			"cuboid_centroid": [ 50.075401306152344, 40.704200744628906, 288.31170654296875 ],
			"projected_cuboid_centroid": [ 1126.73779296875, 675.53411865234375 ],
			"bounding_box":
			{
				"top_left": [ 654.572509765625, 1097.6290283203125 ],
				"bottom_right": [ 701.91302490234375, 1155.7430419921875 ]
			},
			"cuboid": [
				[ 44.613498687744141, 43.995601654052734, 278.72320556640625 ],
				[ 59.634799957275391, 40.758598327636719, 281.89129638671875 ],
				[ 59.980598449707031, 45.814201354980469, 285.4169921875 ],
				[ 44.959300994873047, 49.051300048828125, 282.2489013671875 ],
				[ 40.170101165771484, 35.594200134277344, 291.206298828125 ],
				[ 55.191398620605469, 32.357101440429688, 294.3743896484375 ],
				[ 55.537300109863281, 37.412799835205078, 297.90008544921875 ],
				[ 40.515998840332031, 40.649898529052734, 294.73190307617188 ]
			],
			"projected_cuboid": [
				[ 1113.661376953125, 691.533203125 ],
				[ 1163.0904541015625, 678.8060302734375 ],
				[ 1161.7449951171875, 694.09619140625 ],
				[ 1112.918212890625, 706.83587646484375 ],
				[ 1092.4263916015625, 657.34100341796875 ],
				[ 1139.98779296875, 645.5216064453125 ],
				[ 1138.97216796875, 660.56488037109375 ],
				[ 1091.96875, 672.40460205078125 ]
			]
		},
		{
			"class": "SM_Sofa",
			"instance_id": 0,
			"visibility": 0,
			"location": [ 16.325000762939453, 63.975101470947266, 347.78048706054688 ],
			"quaternion_xyzw": [ 0.16470000147819519, 0.84530001878738403, 0.25180000066757202, 0.44150000810623169 ],
			"pose_transform": [
				[ 8.2936000823974609, 2.8031001091003418, -4.8330998420715332, 0 ],
				[ -5.5590000152587891, 5.0074000358581543, -6.6350002288818359, 0 ],
				[ -0.56029999256134033, -8.1894998550415039, -5.7112002372741699, 0 ],
				[ 16.325000762939453, 63.975101470947266, 347.78048706054688, 1 ]
			],
			"cuboid_centroid": [ 56.823398590087891, 6.2069997787475586, 358.34469604492188 ],
			"projected_cuboid_centroid": [ 1112.229248046875, 556.62860107421875 ],
			"bounding_box":
			{
				"top_left": [ 368.89498901367188, 771.07830810546875 ],
				"bottom_right": [ 870.47662353515625, 1541.7205810546875 ]
			},
			"cuboid": [
				[ 134.96519470214844, 35.968299865722656, 239.96670532226562 ],
				[ 190.56329345703125, -14.112500190734863, 306.3258056640625 ],
				[ 194.91740417480469, 49.531200408935547, 350.70928955078125 ],
				[ 139.31919860839844, 99.61199951171875, 284.35018920898438 ],
				[ -81.270500183105469, -37.117099761962891, 365.9801025390625 ],
				[ -25.672399520874023, -87.197898864746094, 432.339111328125 ],
				[ -21.318300247192383, -23.554300308227539, 476.72268676757812 ],
				[ -76.916496276855469, 26.526500701904297, 410.36358642578125 ]
			],
			"projected_cuboid": [
				[ 1499.935791015625, 683.89337158203125 ],
				[ 1557.210205078125, 495.772705078125 ],
				[ 1493.5494384765625, 675.582275390625 ],
				[ 1430.358154296875, 876.302001953125 ],
				[ 746.82000732421875, 442.6383056640625 ],
				[ 902.99542236328125, 346.37881469726562 ],
				[ 917.07037353515625, 492.56759643554688 ],
				[ 780.0626220703125, 602.055908203125 ]
			]
		},
		{
			"class": "SM_Decor_1",
			"instance_id": 0,
			"visibility": 1,
			"location": [ 50.026798248291016, 55.775299072265625, 255.86520385742188 ],
			"quaternion_xyzw": [ 0.097999997437000275, 0.9276999831199646, 0.28450000286102295, 0.22110000252723694 ],
			"pose_transform": [
				[ 4.6592998504638672, 4.8446002006530762, -7.4040999412536621, 0 ],
				[ -8.8304004669189453, 3.0759000778198242, -3.5443000793457031, 0 ],
				[ -0.56029999256134033, -8.1894998550415039, -5.7112002372741699, 0 ],
				[ 50.026798248291016, 55.775299072265625, 255.86520385742188, 1 ]
			],
			"cuboid_centroid": [ 78.85980224609375, 51.952400207519531, 251.23939514160156 ],
			"projected_cuboid_centroid": [ 1261.3282470703125, 738.5133056640625 ],
			"bounding_box":
			{
				"top_left": [ 711.46990966796875, 1234.7449951171875 ],
				"bottom_right": [ 766.07611083984375, 1288.6357421875 ]
			},
			"cuboid": [
				[ 75.842002868652344, 52.394699096679688, 243.72760009765625 ],
				[ 85.490798950195312, 49.033798217773438, 247.60040283203125 ],
				[ 85.949897766113281, 55.744400024414062, 252.28019714355469 ],
				[ 76.301101684570312, 59.105300903320312, 248.40739440917969 ],
				[ 71.769798278808594, 48.160499572753906, 250.19859313964844 ],
				[ 81.418601989746094, 44.799598693847656, 254.07150268554688 ],
				[ 81.877700805664062, 51.510200500488281, 258.75119018554688 ],
				[ 72.228897094726562, 54.871101379394531, 254.87840270996094 ]
			],
			"projected_cuboid": [
				[ 1258.7283935546875, 746.37347412109375 ],
				[ 1291.4664306640625, 730.1146240234375 ],
				[ 1287.0645751953125, 752.12371826171875 ],
				[ 1254.874755859375, 768.41937255859375 ],
				[ 1235.37744140625, 724.7896728515625 ],
				[ 1267.6375732421875, 709.27392578125 ],
				[ 1263.77685546875, 731.1094970703125 ],
				[ 1232.0504150390625, 746.672119140625 ]
			]
		},
		{
			"class": "SM_Decor_1",
			"instance_id": 0,
			"visibility": 1,
			"location": [ 52.664901733398438, 46.777801513671875, 268.50839233398438 ],
			"quaternion_xyzw": [ -0.0414000004529953, 0.92720001935958862, 0.29800000786781311, -0.22300000488758087 ],