{
	"camera_data":
	{
		"location_worldframe": [ 114.19529724121094, 234.26190185546875, 245 ],
		"quaternion_xyzw_worldframe": [ 0.25180000066757202, 0.16470000147819519, -0.84530001878738403, 0.44150000810623169 ]
	},
	"objects": [
		{
			"class": "SM_Coffe_Table_2",
			"instance_id": 0,
			"visibility": 0,
			"location": [ 17.555200576782227, 93.125198364257812, 290.10159301757812 ],
			"quaternion_xyzw": [ 0.16470000147819519, 0.84530001878738403, 0.25180000066757202, 0.44150000810623169 ],
			"pose_transform": [
				[ 8.2936000823974609, 2.8031001091003418, -4.8330998420715332, 0 ],
				[ -5.5590000152587891, 5.0074000358581543, -6.6350002288818359, 0 ],
				[ -0.56029999256134033, -8.1894998550415039, -5.7112002372741699, 0 ],
				[ 17.555200576782227, 93.125198364257812, 290.10159301757812, 1 ]
			],
			"cuboid_centroid": [ 42.799701690673828, 68.827903747558594, 288.29278564453125 ],
			"projected_cuboid_centroid": [ 1102.52099609375, 769.19329833984375 ],
			"bounding_box":
			{
				"top_left": [ 651.04840087890625, 997.5491943359375 ],
				"bottom_right": [ 892.55438232421875, 1216.1578369140625 ]
			},
			"cuboid": [
				[ 49.584701538085938, 75.347602844238281, 244.11480712890625 ],
				[ 81.610298156738281, 46.500099182128906, 282.33880615234375 ],
				[ 83.796600341796875, 78.457901000976562, 304.62539672851562 ],
				[ 51.770999908447266, 107.30539703369141, 266.40130615234375 ],
				[ 1.8028000593185425, 59.197799682617188, 271.960205078125 ],
				[ 33.828399658203125, 30.350400924682617, 310.1842041015625 ],
				[ 36.014701843261719, 62.308101654052734, 332.470703125 ],
				[ 3.9890999794006348, 91.155601501464844, 294.2467041015625 ]
			],
			"projected_cuboid": [
				[ 1154.995849609375, 836.310302734375 ],
				[ 1237.489013671875, 698.1085205078125 ],
				[ 1224.07763671875, 787.253173828125 ],
				[ 1146.5614013671875, 926.6842041015625 ],
				[ 966.36419677734375, 748.96417236328125 ],
				[ 1064.697021484375, 633.932373046875 ],
				[ 1063.9918212890625, 719.91290283203125 ],
				[ 973.0150146484375, 837.40130615234375 ]
			]
		},
		{
			"class": "SM_Decor_1",
			"instance_id": 0,
			"visibility": 1,
			"location": [ 52.664901733398438, 46.777801513671875, 268.50839233398438 ],
			"quaternion_xyzw": [ -0.0414000004529953, 0.92720001935958862, 0.29800000786781311, -0.22300000488758087 ],
			"pose_transform": [
				[ -4.3818001747131348, 5.3415999412536621, -7.2295999526977539, 0 ],
				[ -8.971400260925293, -2.0975000858306885, 3.887700080871582, 0 ],
				[ -0.56029999256134033, -8.1894998550415039, -5.7112002372741699, 0 ],
				[ 52.664901733398438, 46.777801513671875, 268.50839233398438, 1 ]
			],
			"cuboid_centroid": [ 68.282203674316406, 56.632400512695312, 245.56619262695312 ],
			"projected_cuboid_centroid": [ 1226.93798828125, 761.39508056640625 ],
			"bounding_box":
			{
				"top_left": [ 734.74609375, 1200.9752197265625 ],
				"bottom_right": [ 788.76287841796875, 1253.3270263671875 ]
			},
			"cuboid": [
				[ 61.236499786376953, 54.465499877929688, 242.19110107421875 ],
				[ 71.039299011230469, 56.757301330566406, 237.9429931640625 ],
				[ 71.498397827148438, 63.467899322509766, 242.622802734375 ],
				[ 61.695598602294922, 61.175998687744141, 246.87080383300781 ],
				[ 65.06610107421875, 49.797000885009766, 248.50970458984375 ],
				[ 74.868896484375, 52.088901519775391, 244.2615966796875 ],
				[ 75.3280029296875, 58.799400329589844, 248.94140625 ],
				[ 65.525199890136719, 56.507598876953125, 253.18940734863281 ]
			],
			"projected_cuboid": [
				[ 1202.730224609375, 755.89093017578125 ],
				[ 1246.614013671875, 768.99188232421875 ],
				[ 1242.9019775390625, 791.1270751953125 ],
				[ 1199.9141845703125, 777.89361572265625 ],
				[ 1211.3524169921875, 732.36749267578125 ],
				[ 1254.2509765625, 744.72039794921875 ],
				[ 1250.4896240234375, 766.75 ],
				[ 1208.4471435546875, 754.25579833984375 ]
			]
		}
	]
}