{
	"camera_data":
	{
		"location_worldframe": [ 114.19529724121094, 234.26190185546875, 245 ],
		"quaternion_xyzw_worldframe": [ 0.25180000066757202, 0.16470000147819519, -0.84530001878738403, 0.44150000810623169 ]
	},
	"objects": [
		{
			"class": "SM_Cup",
			"instance_id": 0,
			"visibility": 1,
			"location": [ 22.065500259399414, 40.370601654052734, 296.96969604492188 ],
			"quaternion_xyzw": [ 0.069399997591972351, 0.94499999284744263, 0.29280000925064087, 0.12829999625682831 ],
			"pose_transform": [
				[ 2.8320999145507812, 5.3548998832702637, -7.9563999176025391, 0 ],
				[ -9.5741996765136719, 2.0631999969482422, -2.0192999839782715, 0 ],
				[ -0.56029999256134033, -8.1894998550415039, -5.7112002372741699, 0 ],
				[ 22.065500259399414, 40.370601654052734, 296.96969604492188, 1 ]
			],
			"cuboid_centroid": [ 50.075401306152344, 40.704200744628906, 288.31170654296875 ],
			"projected_cuboid_centroid": [ 1126.73779296875, 675.53411865234375 ],
			"bounding_box":
			{
				"top_left": [ 654.572509765625, 1097.6290283203125 ],
				"bottom_right": [ 701.91302490234375, 1155.7430419921875 ]
			},
			"cuboid": [
				[ 44.613498687744141, 43.995601654052734, 278.72320556640625 ],
				[ 59.634799957275391, 40.758598327636719, 281.89129638671875 ],
				[ 59.980598449707031, 45.814201354980469, 285.4169921875 ],
				[ 44.959300994873047, 49.051300048828125, 282.2489013671875 ],
				[ 40.170101165771484, 35.594200134277344, 291.206298828125 ],
				[ 55.191398620605469, 32.357101440429688, 294.3743896484375 ],
				[ 55.537300109863281, 37.412799835205078, 297.90008544921875 ],
				[ 40.515998840332031, 40.649898529052734, 294.73190307617188 ]
			],
			"projected_cuboid": [
				[ 1113.661376953125, 691.533203125 ],
				[ 1163.0904541015625, 678.8060302734375 ],
				[ 1161.7449951171875, 694.09619140625 ],
				[ 1112.918212890625, 706.83587646484375 ],
				[ 1092.4263916015625, 657.34100341796875 ],
				[ 1139.98779296875, 645.5216064453125 ],
				[ 1138.97216796875, 660.56488037109375 ],
				[ 1091.96875, 672.40460205078125 ]
			]
		},
		{
			"class": "SM_Decor_1",
			"instance_id": 0,
			"visibility": 1,
			"location": [ 50.026798248291016, 55.775299072265625, 255.86520385742188 ],
			"quaternion_xyzw": [ 0.097999997437000275, 0.9276999831199646, 0.28450000286102295, 0.22110000252723694 ],
			"pose_transform": [
				[ 4.6592998504638672, 4.8446002006530762, -7.4040999412536621, 0 ],
				[ -8.8304004669189453, 3.0759000778198242, -3.5443000793457031, 0 ],
				[ -0.56029999256134033, -8.1894998550415039, -5.7112002372741699, 0 ],
				[ 50.026798248291016, 55.775299072265625, 255.86520385742188, 1 ]
			],
			"cuboid_centroid": [ 78.85980224609375, 51.952400207519531, 251.23939514160156 ],
			"projected_cuboid_centroid": [ 1261.3282470703125, 738.5133056640625 ],
			"bounding_box":
			{
				"top_left": [ 711.46990966796875, 1234.7449951171875 ],
				"bottom_right": [ 766.07611083984375, 1288.6357421875 ]
			},
			"cuboid": [
				[ 75.842002868652344, 52.394699096679688, 243.72760009765625 ],
				[ 85.490798950195312, 49.033798217773438, 247.60040283203125 ],
				[ 85.949897766113281, 55.744400024414062, 252.28019714355469 ],
				[ 76.301101684570312, 59.105300903320312, 248.40739440917969 ],
				[ 71.769798278808594, 48.160499572753906, 250.19859313964844 ],
				[ 81.418601989746094, 44.799598693847656, 254.07150268554688 ],
				[ 81.877700805664062, 51.510200500488281, 258.75119018554688 ],
				[ 72.228897094726562, 54.871101379394531, 254.87840270996094 ]
			],
			"projected_cuboid": [
				[ 1258.7283935546875, 746.37347412109375 ],
				[ 1291.4664306640625, 730.1146240234375 ],
				[ 1287.0645751953125, 752.12371826171875 ],
				[ 1254.874755859375, 768.41937255859375 ],
				[ 1235.37744140625, 724.7896728515625 ],
				[ 1267.6375732421875, 709.27392578125 ],
				[ 1263.77685546875, 731.1094970703125 ],
				[ 1232.0504150390625, 746.672119140625 ]
			]
		},
		{
			"class": "SM_Coffe_Table_1",
			"instance_id": 0,
			"visibility": 0,
			"location": [ 58.355800628662109, 108.79190063476562, 263.6339111328125 ],
			"quaternion_xyzw": [ 0.16470000147819519, 0.84530001878738403, 0.25180000066757202, 0.44150000810623169 ],
			"pose_transform": [
				[ 8.2936000823974609, 2.8031001091003418, -4.8330998420715332, 0 ],
				[ -5.5590000152587891, 5.0074000358581543, -6.6350002288818359, 0 ],
				[ -0.56029999256134033, -8.1894998550415039, -5.7112002372741699, 0 ],
				[ 58.355800628662109, 108.79190063476562, 263.6339111328125, 1 ]
			],
			"cuboid_centroid": [ 83.339897155761719, 80.689399719238281, 259.1715087890625 ],
			"projected_cuboid_centroid": [ 1268.700439453125, 838.88262939453125 ],
			"bounding_box":
			{
				"top_left": [ 704.31787109375, 1162.9639892578125 ],
				"bottom_right": [ 969.0946044921875, 1392.058837890625 ]
			},
			"cuboid": [
				[ 88.697303771972656, 80.072700500488281, 217.22149658203125 ],
				[ 115.98860168457031, 55.489601135253906, 249.79499816894531 ],
				[ 118.69619750976562, 95.067001342773438, 277.39529418945312 ],
				[ 91.404800415039062, 119.65000152587891, 244.82179260253906 ],
				[ 47.983699798583984, 66.311897277832031, 240.94769287109375 ],
				[ 75.275001525878906, 41.728900909423828, 273.52120971679688 ],
				[ 77.982597351074219, 81.306198120117188, 301.12149047851562 ],
				[ 50.691299438476562, 105.88919830322266, 268.54800415039062 ]
			],
			"projected_cuboid": [
				[ 1351.993408203125, 893.87738037109375 ],
				[ 1405.7618408203125, 753.25518798828125 ],
				[ 1370.77978515625, 869.00457763671875 ],
				[ 1318.4188232421875, 1009.1740112304688 ],
				[ 1151.1800537109375, 804.2042236328125 ],
				[ 1224.19921875, 686.45928955078125 ],
				[ 1208.614990234375, 799.2108154296875 ],
				[ 1141.210205078125, 918.53057861328125 ]
			]
		}
	]
}