{
	"camera_data":
	{
		"location_worldframe": [ 114.19529724121094, 234.26190185546875, 245 ],
		"quaternion_xyzw_worldframe": [ 0.25180000066757202, 0.16470000147819519, -0.84530001878738403, 0.44150000810623169 ]
	},
	"objects": [
		{
			"class": "SM_Armchair",
			"instance_id": 0,
			"visibility": 0,
			"location": [ -144.80670166015625, 39.189601898193359, 378.2379150390625 ],
			"quaternion_xyzw": [ 0.30000001192092896, 0.16429999470710754, 0.022700000554323196, 0.93940001726150513 ],
			"pose_transform": [
				[ 3.223099946975708, -5.5623002052307129, 7.6598000526428223, 0 ],
				[ 9.4497003555297852, 1.4115999937057495, -2.951200008392334, 0 ],
				[ -0.56029999256134033, -8.1894998550415039, -5.7112002372741699, 0 ],
				[ -144.80670166015625, 39.189601898193359, 378.2379150390625, 1 ]
			],
			"cuboid_centroid": [ -164.39830017089844, -5.5281000137329102, 373.59210205078125 ],
			"projected_cuboid_centroid": [ 537.5548095703125, 525.7947998046875 ],
			"bounding_box":
			{
				"top_left": [ 390.0098876953125, 345.90078735351562 ],
				"bottom_right": [ 677.73406982421875, 697.6348876953125 ]
			},
			"cuboid": [
				[ -112.92369842529297, -53.379299163818359, 366.46810913085938 ],
				[ -196.06230163574219, -65.798599243164062, 392.43258666992188 ],
				[ -191.53840637207031, 0.32800000905990601, 438.54779052734375 ],
				[ -108.39990234375, 12.747300148010254, 412.58319091796875 ],
				[ -137.25810241699219, -11.384200096130371, 308.63650512695312 ],
				[ -220.3966064453125, -23.803499221801758, 334.60101318359375 ],
				[ -215.87269592285156, 42.323101043701172, 380.71609497070312 ],
				[ -132.73420715332031, 54.742500305175781, 354.7515869140625 ]
			],
			"projected_cuboid": [
				[ 664.1851806640625, 400.1676025390625 ],
				[ 480.37710571289062, 379.0382080078125 ],
				[ 540.7144775390625, 540.718017578125 ],
				[ 707.77508544921875, 569.6605224609375 ],
				[ 533.065185546875, 504.590087890625 ],
				[ 327.66281127929688, 471.7056884765625 ],
				[ 415.66339111328125, 646.72039794921875 ],
				[ 600.80572509765625, 688.13958740234375 ]
			]
		},
		{
			"class": "SM_Coffe_Table_2",
			"instance_id": 0,
			"visibility": 0,
			"location": [ 17.555200576782227, 93.125198364257812, 290.10159301757812 ],
			"quaternion_xyzw": [ 0.16470000147819519, 0.84530001878738403, 0.25180000066757202, 0.44150000810623169 ],
			"pose_transform": [
				[ 8.2936000823974609, 2.8031001091003418, -4.8330998420715332, 0 ],
				[ -5.5590000152587891, 5.0074000358581543, -6.6350002288818359, 0 ],
				[ -0.56029999256134033, -8.1894998550415039, -5.7112002372741699, 0 ],
				[ 17.555200576782227, 93.125198364257812, 290.10159301757812, 1 ]
			],
			"cuboid_centroid": [ 42.799701690673828, 68.827903747558594, 288.29278564453125 ],
			"projected_cuboid_centroid": [ 1102.52099609375, 769.19329833984375 ],
			"bounding_box":
			{
				"top_left": [ 651.04840087890625, 997.5491943359375 ],
				"bottom_right": [ 892.55438232421875, 1216.1578369140625 ]
			},
			"cuboid": [
				[ 49.584701538085938, 75.347602844238281, 244.11480712890625 ],
				[ 81.610298156738281, 46.500099182128906, 282.33880615234375 ],
				[ 83.796600341796875, 78.457901000976562, 304.62539672851562 ],
				[ 51.770999908447266, 107.30539703369141, 266.40130615234375 ],
				[ 1.8028000593185425, 59.197799682617188, 271.960205078125 ],
				[ 33.828399658203125, 30.350400924682617, 310.1842041015625 ],
				[ 36.014701843261719, 62.308101654052734, 332.470703125 ],
				[ 3.9890999794006348, 91.155601501464844, 294.2467041015625 ]
			],
			"projected_cuboid": [
				[ 1154.995849609375, 836.310302734375 ],
				[ 1237.489013671875, 698.1085205078125 ],
				[ 1224.07763671875, 787.253173828125 ],
				[ 1146.5614013671875, 926.6842041015625 ],
				[ 966.36419677734375, 748.96417236328125 ],
				[ 1064.697021484375, 633.932373046875 ],
				[ 1063.9918212890625, 719.91290283203125 ],
				[ 973.0150146484375, 837.40130615234375 ]
			]
		},
		{
			"class": "SM_Magazine_2",
			"instance_id": 0,
			"visibility": 1,
			"location": [ -15.170200347900391, -6.8187999725341797, 364.78759765625 ],
			"quaternion_xyzw": [ 0.28979998826980591, -0.16509999334812164, -0.080799996852874756, 0.93930000066757202 ],
			"pose_transform": [
				[ -3.5704998970031738, -5.1774997711181641, 7.7746000289916992, 0 ],
				[ 9.324000358581543, -2.4748001098632812, 2.6340000629425049, 0 ],
				[ -0.56029999256134033, -8.1894998550415039, -5.7112002372741699, 0 ],
				[ -15.170200347900391, -6.8187999725341797, 364.78759765625, 1 ]
			],
			"cuboid_centroid": [ -44.826499938964844, -9.8776998519897461, 368.79800415039062 ],
			"projected_cuboid_centroid": [ 843.3148193359375, 514.28802490234375 ],
			"bounding_box":
			{
				"top_left": [ 486.99578857421875, 795.9774169921875 ],
				"bottom_right": [ 543.74871826171875, 892.08538818359375 ]
			},
			"cuboid": [
				[ -34.305500030517578, -21.944499969482422, 381.68661499023438 ],
				[ -64.498397827148438, -13.930700302124023, 373.1571044921875 ],
				[ -64.281898498535156, -10.766500473022461, 375.36380004882812 ],
				[ -34.089000701904297, -18.780300140380859, 383.8931884765625 ],
				[ -25.371000289916992, -8.988800048828125, 362.2322998046875 ],
				[ -55.563899993896484, -0.97500002384185791, 353.70291137695312 ],
				[ -55.347400665283203, 2.1891999244689941, 355.90960693359375 ],
				[ -25.154600143432617, -5.8246002197265625, 364.43890380859375 ]
			],
			"projected_cuboid": [
				[ 873.71661376953125, 484.80630493164062 ],
				[ 794.069091796875, 504.16119384765625 ],
				[ 795.59820556640625, 512.46441650390625 ],
				[ 874.7540283203125, 493.03628540039062 ],
				[ 892.76123046875, 516.1776123046875 ],
				[ 809.1920166015625, 537.35369873046875 ],
				[ 810.71099853515625, 545.9049072265625 ],
				[ 893.7384033203125, 524.656982421875 ]
			]
		}
	]
}