{
	"camera_data":
	{
		"location_worldframe": [ 114.19529724121094, 234.26190185546875, 245 ],
		"quaternion_xyzw_worldframe": [ 0.25180000066757202, 0.16470000147819519, -0.84530001878738403, 0.44150000810623169 ]
	},
	"objects": [
		{
			"class": "SM_Armchair",
			"instance_id": 0,
			"visibility": 0,
			"location": [ -144.80670166015625, 39.189601898193359, 378.2379150390625 ],
			"quaternion_xyzw": [ 0.30000001192092896, 0.16429999470710754, 0.022700000554323196, 0.93940001726150513 ],
			"pose_transform": [
				[ 3.223099946975708, -5.5623002052307129, 7.6598000526428223, 0 ],
				[ 9.4497003555297852, 1.4115999937057495, -2.951200008392334, 0 ],
				[ -0.56029999256134033, -8.1894998550415039, -5.7112002372741699, 0 ],
				[ -144.80670166015625, 39.189601898193359, 378.2379150390625, 1 ]
			],
			"cuboid_centroid": [ -164.39830017089844, -5.5281000137329102, 373.59210205078125 ],
			"projected_cuboid_centroid": [ 537.5548095703125, 525.7947998046875 ],
			"bounding_box":
			{
				"top_left": [ 390.0098876953125, 345.90078735351562 ],
				"bottom_right": [ 677.73406982421875, 697.6348876953125 ]
			},
			"cuboid": [
				[ -112.92369842529297, -53.379299163818359, 366.46810913085938 ],
				[ -196.06230163574219, -65.798599243164062, 392.43258666992188 ],
				[ -191.53840637207031, 0.32800000905990601, 438.54779052734375 ],
				[ -108.39990234375, 12.747300148010254, 412.58319091796875 ],
				[ -137.25810241699219, -11.384200096130371, 308.63650512695312 ],
				[ -220.3966064453125, -23.803499221801758, 334.60101318359375 ],
				[ -215.87269592285156, 42.323101043701172, 380.71609497070312 ],
				[ -132.73420715332031, 54.742500305175781, 354.7515869140625 ]
			],
			"projected_cuboid": [
				[ 664.1851806640625, 400.1676025390625 ],
				[ 480.37710571289062, 379.0382080078125 ],
				[ 540.7144775390625, 540.718017578125 ],
				[ 707.77508544921875, 569.6605224609375 ],
				[ 533.065185546875, 504.590087890625 ],
				[ 327.66281127929688, 471.7056884765625 ],
				[ 415.66339111328125, 646.72039794921875 ],
				[ 600.80572509765625, 688.13958740234375 ]
			]
		},
		{
			"class": "SM_Coffe_Table_2",
			"instance_id": 0,
			"visibility": 0,
			"location": [ 17.555200576782227, 93.125198364257812, 290.10159301757812 ],
			"quaternion_xyzw": [ 0.16470000147819519, 0.84530001878738403, 0.25180000066757202, 0.44150000810623169 ],
			"pose_transform": [
				[ 8.2936000823974609, 2.8031001091003418, -4.8330998420715332, 0 ],
				[ -5.5590000152587891, 5.0074000358581543, -6.6350002288818359, 0 ],
				[ -0.56029999256134033, -8.1894998550415039, -5.7112002372741699, 0 ],
				[ 17.555200576782227, 93.125198364257812, 290.10159301757812, 1 ]
			],
			"cuboid_centroid": [ 42.799701690673828, 68.827903747558594, 288.29278564453125 ],
			"projected_cuboid_centroid": [ 1102.52099609375, 769.19329833984375 ],
			"bounding_box":
			{
				"top_left": [ 651.04840087890625, 997.5491943359375 ],
				"bottom_right": [ 892.55438232421875, 1216.1578369140625 ]
			},
			"cuboid": [
				[ 49.584701538085938, 75.347602844238281, 244.11480712890625 ],
				[ 81.610298156738281, 46.500099182128906, 282.33880615234375 ],
				[ 83.796600341796875, 78.457901000976562, 304.62539672851562 ],
				[ 51.770999908447266, 107.30539703369141, 266.40130615234375 ],
				[ 1.8028000593185425, 59.197799682617188, 271.960205078125 ],
				[ 33.828399658203125, 30.350400924682617, 310.1842041015625 ],
				[ 36.014701843261719, 62.308101654052734, 332.470703125 ],
				[ 3.9890999794006348, 91.155601501464844, 294.2467041015625 ]
			],
			"projected_cuboid": [
				[ 1154.995849609375, 836.310302734375 ],
				[ 1237.489013671875, 698.1085205078125 ],
				[ 1224.07763671875, 787.253173828125 ],
				[ 1146.5614013671875, 926.6842041015625 ],
				[ 966.36419677734375, 748.96417236328125 ],
				[ 1064.697021484375, 633.932373046875 ],
				[ 1063.9918212890625, 719.91290283203125 ],
				[ 973.0150146484375, 837.40130615234375 ]
			]
		},
		{
			"class": "SM_Opened_Book",
			"instance_id": 0,
			"visibility": 1,
			"location": [ 65.552101135253906, 51.612201690673828, 276.58380126953125 ],
			"quaternion_xyzw": [ 0.27430000901222229, -0.3052000105381012, -0.12370000034570694, 0.9035000205039978 ],
			"pose_transform": [
				[ -6.1930999755859375, -4.2017002105712891, 6.6325998306274414, 0 ],
				[ 7.8313999176025391, -3.9086000919342041, 4.8365001678466797, 0 ],
				[ -0.56029999256134033, -8.1894998550415039, -5.7112002372741699, 0 ],
				[ 65.552101135253906, 51.612201690673828, 276.58380126953125, 1 ]
			],
			"cuboid_centroid": [ 36.535701751708984, 52.886100769042969, 272.9071044921875 ],
			"projected_cuboid_centroid": [ 1088.521240234375, 726.03631591796875 ],
			"bounding_box":
			{
				"top_left": [ 673.4459228515625, 1011.6190185546875 ],
				"bottom_right": [ 795.335693359375, 1169.2021484375 ]
			},
			"cuboid": [
				[ 33.744300842285156, 37.932701110839844, 290.09140014648438 ],
				[ 14.996199607849121, 47.289798736572266, 278.51309204101562 ],
				[ 15.286199569702148, 51.528999328613281, 281.46939086914062 ],
				[ 34.0343017578125, 42.171901702880859, 293.04769897460938 ],
				[ 57.785198211669922, 54.243099212646484, 264.34478759765625 ],
				[ 39.037101745605469, 63.600200653076172, 252.76640319824219 ],
				[ 39.327098846435547, 67.839401245117188, 255.72270202636719 ],
				[ 58.075199127197266, 58.4822998046875, 267.30108642578125 ]
			],
			"projected_cuboid": [
				[ 1071.67041015625, 665.5308837890625 ],
				[ 1011.690185546875, 703.002197265625 ],
				[ 1012.1364135742188, 715.74859619140625 ],
				[ 1071.4940185546875, 678.15179443359375 ],
				[ 1169.854248046875, 736.990478515625 ],
				[ 1108.2618408203125, 781.55181884765625 ],
				[ 1107.6368408203125, 794.673583984375 ],
				[ 1168.5748291015625, 750.03668212890625 ]
			]
		},
		{
			"class": "SM_Plates",
			"instance_id": 0,
			"visibility": 1,
			"location": [ 116.50489807128906, 60.554500579833984, 242.48680114746094 ],
			"quaternion_xyzw": [ 0.27430000901222229, -0.3052000105381012, -0.12370000034570694, 0.9035000205039978 ],
			"pose_transform": [
				[ -6.1930999755859375, -4.2017002105712891, 6.6325998306274414, 0 ],
				[ 7.8313999176025391, -3.9086000919342041, 4.8365001678466797, 0 ],
				[ -0.56029999256134033, -8.1894998550415039, -5.7112002372741699, 0 ],
				[ 116.50489807128906, 60.554500579833984, 242.48680114746094, 1 ]
			],
			"cuboid_centroid": [ 87.554702758789062, 62.829399108886719, 239.5115966796875 ],
			"projected_cuboid_centroid": [ 1310.9332275390625, 791.8302001953125 ],
			"bounding_box":
			{
				"top_left": [ 750.72821044921875, 1258.738037109375 ],
				"bottom_right": [ 836.30450439453125, 1365.513427734375 ]
			},
			"cuboid": [
				[ 89.411300659179688, 51.914798736572266, 252.20050048828125 ],
				[ 70.839797973632812, 61.183700561523438, 240.731201171875 ],
				[ 71.0177001953125, 63.784198760986328, 242.54469299316406 ],
				[ 89.589202880859375, 54.515300750732422, 254.01400756835938 ],
				[ 104.09169769287109, 61.874599456787109, 236.47850036621094 ],
				[ 85.520103454589844, 71.143600463867188, 225.00920104980469 ],
				[ 85.698097229003906, 73.744102478027344, 226.82269287109375 ],
				[ 104.26959991455078, 64.47509765625, 238.29200744628906 ]
			],
			"projected_cuboid": [
				[ 1300.343994140625, 737.613525390625 ],
				[ 1242.4986572265625, 783.99169921875 ],
				[ 1241.090576171875, 792.460205078125 ],
				[ 1298.5865478515625, 746.03082275390625 ],
				[ 1382.5672607421875, 791.18408203125 ],
				[ 1324.8712158203125, 843.53338623046875 ],
				[ 1322.70703125, 852.11297607421875 ],
				[ 1380.0679931640625, 799.7490234375 ]
			]
		}
	]
}