{
	"camera_data":
	{
		"location_worldframe": [ 114.19529724121094, 234.26190185546875, 245 ],
		"quaternion_xyzw_worldframe": [ 0.25180000066757202, 0.16470000147819519, -0.84530001878738403, 0.44150000810623169 ]
	},
	"objects": [
		{
			"class": "SM_Opened_Book",
			"instance_id": 0,
			"visibility": 1,
			"location": [ 65.552101135253906, 51.612201690673828, 276.58380126953125 ],
			"quaternion_xyzw": [ 0.27430000901222229, -0.3052000105381012, -0.12370000034570694, 0.9035000205039978 ],
			"pose_transform": [
				[ -6.1930999755859375, -4.2017002105712891, 6.6325998306274414, 0 ],
				[ 7.8313999176025391, -3.9086000919342041, 4.8365001678466797, 0 ],
				[ -0.56029999256134033, -8.1894998550415039, -5.7112002372741699, 0 ],
				[ 65.552101135253906, 51.612201690673828, 276.58380126953125, 1 ]
			],
			"cuboid_centroid": [ 36.535701751708984, 52.886100769042969, 272.9071044921875 ],
			"projected_cuboid_centroid": [ 1088.521240234375, 726.03631591796875 ],
			"bounding_box":
			{
				"top_left": [ 673.4459228515625, 1011.6190185546875 ],
				"bottom_right": [ 795.335693359375, 1169.2021484375 ]
			},
			"cuboid": [
				[ 33.744300842285156, 37.932701110839844, 290.09140014648438 ],
				[ 14.996199607849121, 47.289798736572266, 278.51309204101562 ],
				[ 15.286199569702148, 51.528999328613281, 281.46939086914062 ],
				[ 34.0343017578125, 42.171901702880859, 293.04769897460938 ],
				[ 57.785198211669922, 54.243099212646484, 264.34478759765625 ],
				[ 39.037101745605469, 63.600200653076172, 252.76640319824219 ],
				[ 39.327098846435547, 67.839401245117188, 255.72270202636719 ],
				[ 58.075199127197266, 58.4822998046875, 267.30108642578125 ]
			],
			"projected_cuboid": [
				[ 1071.67041015625, 665.5308837890625 ],
				[ 1011.690185546875, 703.002197265625 ],
				[ 1012.1364135742188, 715.74859619140625 ],
				[ 1071.4940185546875, 678.15179443359375 ],
				[ 1169.854248046875, 736.990478515625 ],
				[ 1108.2618408203125, 781.55181884765625 ],
				[ 1107.6368408203125, 794.673583984375 ],
				[ 1168.5748291015625, 750.03668212890625 ]
			]
		},
		{
			"class": "SM_Sofa",
			"instance_id": 0,
			"visibility": 0,
			"location": [ 16.325000762939453, 63.975101470947266, 347.78048706054688 ],
			"quaternion_xyzw": [ 0.16470000147819519, 0.84530001878738403, 0.25180000066757202, 0.44150000810623169 ],
			"pose_transform": [
				[ 8.2936000823974609, 2.8031001091003418, -4.8330998420715332, 0 ],
				[ -5.5590000152587891, 5.0074000358581543, -6.6350002288818359, 0 ],
				[ -0.56029999256134033, -8.1894998550415039, -5.7112002372741699, 0 ],
				[ 16.325000762939453, 63.975101470947266, 347.78048706054688, 1 ]
			],
			"cuboid_centroid": [ 56.823398590087891, 6.2069997787475586, 358.34469604492188 ],
			"projected_cuboid_centroid": [ 1112.229248046875, 556.62860107421875 ],
			"bounding_box":
			{
				"top_left": [ 368.89498901367188, 771.07830810546875 ],
				"bottom_right": [ 870.47662353515625, 1541.7205810546875 ]
			},
			"cuboid": [
				[ 134.96519470214844, 35.968299865722656, 239.96670532226562 ],
				[ 190.56329345703125, -14.112500190734863, 306.3258056640625 ],
				[ 194.91740417480469, 49.531200408935547, 350.70928955078125 ],
				[ 139.31919860839844, 99.61199951171875, 284.35018920898438 ],
				[ -81.270500183105469, -37.117099761962891, 365.9801025390625 ],
				[ -25.672399520874023, -87.197898864746094, 432.339111328125 ],
				[ -21.318300247192383, -23.554300308227539, 476.72268676757812 ],
				[ -76.916496276855469, 26.526500701904297, 410.36358642578125 ]
			],
			"projected_cuboid": [
				[ 1499.935791015625, 683.89337158203125 ],
				[ 1557.210205078125, 495.772705078125 ],
				[ 1493.5494384765625, 675.582275390625 ],
				[ 1430.358154296875, 876.302001953125 ],
				[ 746.82000732421875, 442.6383056640625 ],
				[ 902.99542236328125, 346.37881469726562 ],
				[ 917.07037353515625, 492.56759643554688 ],
				[ 780.0626220703125, 602.055908203125 ]
			]
		},
		{
			"class": "SM_Decor_1",
			"instance_id": 0,
			"visibility": 1,
			"location": [ 50.026798248291016, 55.775299072265625, 255.86520385742188 ],
			"quaternion_xyzw": [ 0.097999997437000275, 0.9276999831199646, 0.28450000286102295, 0.22110000252723694 ],
			"pose_transform": [
				[ 4.6592998504638672, 4.8446002006530762, -7.4040999412536621, 0 ],
				[ -8.8304004669189453, 3.0759000778198242, -3.5443000793457031, 0 ],
				[ -0.56029999256134033, -8.1894998550415039, -5.7112002372741699, 0 ],
				[ 50.026798248291016, 55.775299072265625, 255.86520385742188, 1 ]
			],
			"cuboid_centroid": [ 78.85980224609375, 51.952400207519531, 251.23939514160156 ],
			"projected_cuboid_centroid": [ 1261.3282470703125, 738.5133056640625 ],
			"bounding_box":
			{
				"top_left": [ 711.46990966796875, 1234.7449951171875 ],
				"bottom_right": [ 766.07611083984375, 1288.6357421875 ]
			},
			"cuboid": [
				[ 75.842002868652344, 52.394699096679688, 243.72760009765625 ],
				[ 85.490798950195312, 49.033798217773438, 247.60040283203125 ],
				[ 85.949897766113281, 55.744400024414062, 252.28019714355469 ],
				[ 76.301101684570312, 59.105300903320312, 248.40739440917969 ],
				[ 71.769798278808594, 48.160499572753906, 250.19859313964844 ],
				[ 81.418601989746094, 44.799598693847656, 254.07150268554688 ],
				[ 81.877700805664062, 51.510200500488281, 258.75119018554688 ],
				[ 72.228897094726562, 54.871101379394531, 254.87840270996094 ]
			],
			"projected_cuboid": [
				[ 1258.7283935546875, 746.37347412109375 ],
				[ 1291.4664306640625, 730.1146240234375 ],
				[ 1287.0645751953125, 752.12371826171875 ],
				[ 1254.874755859375, 768.41937255859375 ],
				[ 1235.37744140625, 724.7896728515625 ],
				[ 1267.6375732421875, 709.27392578125 ],
				[ 1263.77685546875, 731.1094970703125 ],
				[ 1232.0504150390625, 746.672119140625 ]
			]
		},
		{
			"class": "SM_Coffe_Table_1",
			"instance_id": 0,
			"visibility": 0,
			"location": [ 58.355800628662109, 108.79190063476562, 263.6339111328125 ],
			"quaternion_xyzw": [ 0.16470000147819519, 0.84530001878738403, 0.25180000066757202, 0.44150000810623169 ],
			"pose_transform": [
				[ 8.2936000823974609, 2.8031001091003418, -4.8330998420715332, 0 ],
				[ -5.5590000152587891, 5.0074000358581543, -6.6350002288818359, 0 ],
				[ -0.56029999256134033, -8.1894998550415039, -5.7112002372741699, 0 ],
				[ 58.355800628662109, 108.79190063476562, 263.6339111328125, 1 ]
			],
			"cuboid_centroid": [ 83.339897155761719, 80.689399719238281, 259.1715087890625 ],
			"projected_cuboid_centroid": [ 1268.700439453125, 838.88262939453125 ],
			"bounding_box":
			{
				"top_left": [ 704.31787109375, 1162.9639892578125 ],
				"bottom_right": [ 969.0946044921875, 1392.058837890625 ]
			},
			"cuboid": [
				[ 88.697303771972656, 80.072700500488281, 217.22149658203125 ],
				[ 115.98860168457031, 55.489601135253906, 249.79499816894531 ],
				[ 118.69619750976562, 95.067001342773438, 277.39529418945312 ],
				[ 91.404800415039062, 119.65000152587891, 244.82179260253906 ],
				[ 47.983699798583984, 66.311897277832031, 240.94769287109375 ],
				[ 75.275001525878906, 41.728900909423828, 273.52120971679688 ],
				[ 77.982597351074219, 81.306198120117188, 301.12149047851562 ],
				[ 50.691299438476562, 105.88919830322266, 268.54800415039062 ]
			],
			"projected_cuboid": [
				[ 1351.993408203125, 893.87738037109375 ],
				[ 1405.7618408203125, 753.25518798828125 ],
				[ 1370.77978515625, 869.00457763671875 ],
				[ 1318.4188232421875, 1009.1740112304688 ],
				[ 1151.1800537109375, 804.2042236328125 ],
				[ 1224.19921875, 686.45928955078125 ],
				[ 1208.614990234375, 799.2108154296875 ],
				[ 1141.210205078125, 918.53057861328125 ]
			]
		},
		{
			"class": "SM_Coffe_Table_3",
			"instance_id": 0,
			"visibility": 0,
			"location": [ -68.695899963378906, 32.965099334716797, 384.82919311523438 ],
			"quaternion_xyzw": [ 0.16470000147819519, 0.84530001878738403, 0.25180000066757202, 0.44150000810623169 ],