{
	"camera_data":
	{
		"location_worldframe": [ 114.19529724121094, 234.26190185546875, 245 ],
		"quaternion_xyzw_worldframe": [ 0.25180000066757202, 0.16470000147819519, -0.84530001878738403, 0.44150000810623169 ]
	},
	"objects": [
		{
			"class": "SM_Armchair",
			"instance_id": 0,
			"visibility": 0,
			"location": [ -144.80670166015625, 39.189601898193359, 378.2379150390625 ],
			"quaternion_xyzw": [ 0.30000001192092896, 0.16429999470710754, 0.022700000554323196, 0.93940001726150513 ],
			"pose_transform": [
				[ 3.223099946975708, -5.5623002052307129, 7.6598000526428223, 0 ],
				[ 9.4497003555297852, 1.4115999937057495, -2.951200008392334, 0 ],
				[ -0.56029999256134033, -8.1894998550415039, -5.7112002372741699, 0 ],
				[ -144.80670166015625, 39.189601898193359, 378.2379150390625, 1 ]
			],
			"cuboid_centroid": [ -164.39830017089844, -5.5281000137329102, 373.59210205078125 ],
			"projected_cuboid_centroid": [ 537.5548095703125, 525.7947998046875 ],
			"bounding_box":
			{
				"top_left": [ 390.0098876953125, 345.90078735351562 ],
				"bottom_right": [ 677.73406982421875, 697.6348876953125 ]
			},
			"cuboid": [
				[ -112.92369842529297, -53.379299163818359, 366.46810913085938 ],
				[ -196.06230163574219, -65.798599243164062, 392.43258666992188 ],
				[ -191.53840637207031, 0.32800000905990601, 438.54779052734375 ],
				[ -108.39990234375, 12.747300148010254, 412.58319091796875 ],
				[ -137.25810241699219, -11.384200096130371, 308.63650512695312 ],
				[ -220.3966064453125, -23.803499221801758, 334.60101318359375 ],
				[ -215.87269592285156, 42.323101043701172, 380.71609497070312 ],
				[ -132.73420715332031, 54.742500305175781, 354.7515869140625 ]
			],
			"projected_cuboid": [
				[ 664.1851806640625, 400.1676025390625 ],
				[ 480.37710571289062, 379.0382080078125 ],
				[ 540.7144775390625, 540.718017578125 ],
				[ 707.77508544921875, 569.6605224609375 ],
				[ 533.065185546875, 504.590087890625 ],
				[ 327.66281127929688, 471.7056884765625 ],
				[ 415.66339111328125, 646.72039794921875 ],
				[ 600.80572509765625, 688.13958740234375 ]
			]
		},
		{
			"class": "SM_Opened_Book",
			"instance_id": 0,
			"visibility": 1,
			"location": [ 65.552101135253906, 51.612201690673828, 276.58380126953125 ],
			"quaternion_xyzw": [ 0.27430000901222229, -0.3052000105381012, -0.12370000034570694, 0.9035000205039978 ],
			"pose_transform": [
				[ -6.1930999755859375, -4.2017002105712891, 6.6325998306274414, 0 ],
				[ 7.8313999176025391, -3.9086000919342041, 4.8365001678466797, 0 ],
				[ -0.56029999256134033, -8.1894998550415039, -5.7112002372741699, 0 ],
				[ 65.552101135253906, 51.612201690673828, 276.58380126953125, 1 ]
			],
			"cuboid_centroid": [ 36.535701751708984, 52.886100769042969, 272.9071044921875 ],
			"projected_cuboid_centroid": [ 1088.521240234375, 726.03631591796875 ],
			"bounding_box":
			{
				"top_left": [ 673.4459228515625, 1011.6190185546875 ],
				"bottom_right": [ 795.335693359375, 1169.2021484375 ]
			},
			"cuboid": [
				[ 33.744300842285156, 37.932701110839844, 290.09140014648438 ],
				[ 14.996199607849121, 47.289798736572266, 278.51309204101562 ],
				[ 15.286199569702148, 51.528999328613281, 281.46939086914062 ],
				[ 34.0343017578125, 42.171901702880859, 293.04769897460938 ],
				[ 57.785198211669922, 54.243099212646484, 264.34478759765625 ],
				[ 39.037101745605469, 63.600200653076172, 252.76640319824219 ],
				[ 39.327098846435547, 67.839401245117188, 255.72270202636719 ],
				[ 58.075199127197266, 58.4822998046875, 267.30108642578125 ]
			],
			"projected_cuboid": [
				[ 1071.67041015625, 665.5308837890625 ],
				[ 1011.690185546875, 703.002197265625 ],
				[ 1012.1364135742188, 715.74859619140625 ],
				[ 1071.4940185546875, 678.15179443359375 ],
				[ 1169.854248046875, 736.990478515625 ],
				[ 1108.2618408203125, 781.55181884765625 ],
				[ 1107.6368408203125, 794.673583984375 ],
				[ 1168.5748291015625, 750.03668212890625 ]
			]
		},
		{
			"class": "SM_Cup",
			"instance_id": 0,
			"visibility": 1,
			"location": [ 22.065500259399414, 40.370601654052734, 296.96969604492188 ],
			"quaternion_xyzw": [ 0.069399997591972351, 0.94499999284744263, 0.29280000925064087, 0.12829999625682831 ],
			"pose_transform": [
				[ 2.8320999145507812, 5.3548998832702637, -7.9563999176025391, 0 ],
				[ -9.5741996765136719, 2.0631999969482422, -2.0192999839782715, 0 ],
				[ -0.56029999256134033, -8.1894998550415039, -5.7112002372741699, 0 ],
				[ 22.065500259399414, 40.370601654052734, 296.96969604492188, 1 ]
			],
			"cuboid_centroid": [ 50.075401306152344, 40.704200744628906, 288.31170654296875 ],
			"projected_cuboid_centroid": [ 1126.73779296875, 675.53411865234375 ],
			"bounding_box":
			{
				"top_left": [ 654.572509765625, 1097.6290283203125 ],
				"bottom_right": [ 701.91302490234375, 1155.7430419921875 ]
			},
			"cuboid": [
				[ 44.613498687744141, 43.995601654052734, 278.72320556640625 ],
				[ 59.634799957275391, 40.758598327636719, 281.89129638671875 ],
				[ 59.980598449707031, 45.814201354980469, 285.4169921875 ],
				[ 44.959300994873047, 49.051300048828125, 282.2489013671875 ],
				[ 40.170101165771484, 35.594200134277344, 291.206298828125 ],
				[ 55.191398620605469, 32.357101440429688, 294.3743896484375 ],
				[ 55.537300109863281, 37.412799835205078, 297.90008544921875 ],
				[ 40.515998840332031, 40.649898529052734, 294.73190307617188 ]
			],
			"projected_cuboid": [
				[ 1113.661376953125, 691.533203125 ],
				[ 1163.0904541015625, 678.8060302734375 ],
				[ 1161.7449951171875, 694.09619140625 ],
				[ 1112.918212890625, 706.83587646484375 ],
				[ 1092.4263916015625, 657.34100341796875 ],
				[ 1139.98779296875, 645.5216064453125 ],
				[ 1138.97216796875, 660.56488037109375 ],
				[ 1091.96875, 672.40460205078125 ]
			]
		},
		{
			"class": "SM_Sofa",
			"instance_id": 0,
			"visibility": 0,
			"location": [ 16.325000762939453, 63.975101470947266, 347.78048706054688 ],
			"quaternion_xyzw": [ 0.16470000147819519, 0.84530001878738403, 0.25180000066757202, 0.44150000810623169 ],
			"pose_transform": [
				[ 8.2936000823974609, 2.8031001091003418, -4.8330998420715332, 0 ],
				[ -5.5590000152587891, 5.0074000358581543, -6.6350002288818359, 0 ],
				[ -0.56029999256134033, -8.1894998550415039, -5.7112002372741699, 0 ],
				[ 16.325000762939453, 63.975101470947266, 347.78048706054688, 1 ]
			],
			"cuboid_centroid": [ 56.823398590087891, 6.2069997787475586, 358.34469604492188 ],
			"projected_cuboid_centroid": [ 1112.229248046875, 556.62860107421875 ],
			"bounding_box":
			{
				"top_left": [ 368.89498901367188, 771.07830810546875 ],
				"bottom_right": [ 870.47662353515625, 1541.7205810546875 ]
			},
			"cuboid": [
				[ 134.96519470214844, 35.968299865722656, 239.96670532226562 ],
				[ 190.56329345703125, -14.112500190734863, 306.3258056640625 ],
				[ 194.91740417480469, 49.531200408935547, 350.70928955078125 ],
				[ 139.31919860839844, 99.61199951171875, 284.35018920898438 ],
				[ -81.270500183105469, -37.117099761962891, 365.9801025390625 ],
				[ -25.672399520874023, -87.197898864746094, 432.339111328125 ],
				[ -21.318300247192383, -23.554300308227539, 476.72268676757812 ],
				[ -76.916496276855469, 26.526500701904297, 410.36358642578125 ]
			],
			"projected_cuboid": [
				[ 1499.935791015625, 683.89337158203125 ],
				[ 1557.210205078125, 495.772705078125 ],
				[ 1493.5494384765625, 675.582275390625 ],
				[ 1430.358154296875, 876.302001953125 ],
				[ 746.82000732421875, 442.6383056640625 ],
				[ 902.99542236328125, 346.37881469726562 ],
				[ 917.07037353515625, 492.56759643554688 ],
				[ 780.0626220703125, 602.055908203125 ]
			]
		},
		{
			"class": "SM_Magazine_2",
			"instance_id": 0,
			"visibility": 1,
			"location": [ -15.170200347900391, -6.8187999725341797, 364.78759765625 ],
			"quaternion_xyzw": [ 0.28979998826980591, -0.16509999334812164, -0.080799996852874756, 0.93930000066757202 ],