{
	"camera_data":
	{
		"location_worldframe": [ 114.19529724121094, 234.26190185546875, 245 ],
		"quaternion_xyzw_worldframe": [ 0.25180000066757202, 0.16470000147819519, -0.84530001878738403, 0.44150000810623169 ]
	},
	"objects": [
		{
			"class": "SM_Plates",
			"instance_id": 0,
			"visibility": 1,
			"location": [ 116.50489807128906, 60.554500579833984, 242.48680114746094 ],
			"quaternion_xyzw": [ 0.27430000901222229, -0.3052000105381012, -0.12370000034570694, 0.9035000205039978 ],
			"pose_transform": [
				[ -6.1930999755859375, -4.2017002105712891, 6.6325998306274414, 0 ],
				[ 7.8313999176025391, -3.9086000919342041, 4.8365001678466797, 0 ],
				[ -0.56029999256134033, -8.1894998550415039, -5.7112002372741699, 0 ],
				[ 116.50489807128906, 60.554500579833984, 242.48680114746094, 1 ]
			],
			"cuboid_centroid": [ 87.554702758789062, 62.829399108886719, 239.5115966796875 ],
			"projected_cuboid_centroid": [ 1310.9332275390625, 791.8302001953125 ],
			"bounding_box":
			{
				"top_left": [ 750.72821044921875, 1258.738037109375 ],
				"bottom_right": [ 836.30450439453125, 1365.513427734375 ]
			},
			"cuboid": [
				[ 89.411300659179688, 51.914798736572266, 252.20050048828125 ],
				[ 70.839797973632812, 61.183700561523438, 240.731201171875 ],
				[ 71.0177001953125, 63.784198760986328, 242.54469299316406 ],
				[ 89.589202880859375, 54.515300750732422, 254.01400756835938 ],
				[ 104.09169769287109, 61.874599456787109, 236.47850036621094 ],
				[ 85.520103454589844, 71.143600463867188, 225.00920104980469 ],
				[ 85.698097229003906, 73.744102478027344, 226.82269287109375 ],
				[ 104.26959991455078, 64.47509765625, 238.29200744628906 ]
			],
			"projected_cuboid": [
				[ 1300.343994140625, 737.613525390625 ],
				[ 1242.4986572265625, 783.99169921875 ],
				[ 1241.090576171875, 792.460205078125 ],
				[ 1298.5865478515625, 746.03082275390625 ],
				[ 1382.5672607421875, 791.18408203125 ],
				[ 1324.8712158203125, 843.53338623046875 ],
				[ 1322.70703125, 852.11297607421875 ],
				[ 1380.0679931640625, 799.7490234375 ]
			]
		},
		{
			"class": "SM_Coffe_Table_1",
			"instance_id": 0,
			"visibility": 0,
			"location": [ 58.355800628662109, 108.79190063476562, 263.6339111328125 ],
			"quaternion_xyzw": [ 0.16470000147819519, 0.84530001878738403, 0.25180000066757202, 0.44150000810623169 ],
			"pose_transform": [
				[ 8.2936000823974609, 2.8031001091003418, -4.8330998420715332, 0 ],
				[ -5.5590000152587891, 5.0074000358581543, -6.6350002288818359, 0 ],
				[ -0.56029999256134033, -8.1894998550415039, -5.7112002372741699, 0 ],
				[ 58.355800628662109, 108.79190063476562, 263.6339111328125, 1 ]
			],
			"cuboid_centroid": [ 83.339897155761719, 80.689399719238281, 259.1715087890625 ],
			"projected_cuboid_centroid": [ 1268.700439453125, 838.88262939453125 ],
			"bounding_box":
			{
				"top_left": [ 704.31787109375, 1162.9639892578125 ],
				"bottom_right": [ 969.0946044921875, 1392.058837890625 ]
			},
			"cuboid": [
				[ 88.697303771972656, 80.072700500488281, 217.22149658203125 ],
				[ 115.98860168457031, 55.489601135253906, 249.79499816894531 ],
				[ 118.69619750976562, 95.067001342773438, 277.39529418945312 ],
				[ 91.404800415039062, 119.65000152587891, 244.82179260253906 ],
				[ 47.983699798583984, 66.311897277832031, 240.94769287109375 ],
				[ 75.275001525878906, 41.728900909423828, 273.52120971679688 ],
				[ 77.982597351074219, 81.306198120117188, 301.12149047851562 ],
				[ 50.691299438476562, 105.88919830322266, 268.54800415039062 ]
			],
			"projected_cuboid": [
				[ 1351.993408203125, 893.87738037109375 ],
				[ 1405.7618408203125, 753.25518798828125 ],
				[ 1370.77978515625, 869.00457763671875 ],
				[ 1318.4188232421875, 1009.1740112304688 ],
				[ 1151.1800537109375, 804.2042236328125 ],
				[ 1224.19921875, 686.45928955078125 ],
				[ 1208.614990234375, 799.2108154296875 ],
				[ 1141.210205078125, 918.53057861328125 ]
			]
		}
	]
}