{
	"camera_data":
	{
		"location_worldframe": [ 114.19529724121094, 234.26190185546875, 245 ],
		"quaternion_xyzw_worldframe": [ 0.25180000066757202, 0.16470000147819519, -0.84530001878738403, 0.44150000810623169 ]
	},
	"objects": [
		{
			"class": "SM_Decor_1",
			"instance_id": 0,
			"visibility": 1,
			"location": [ 50.026798248291016, 55.775299072265625, 255.86520385742188 ],
			"quaternion_xyzw": [ 0.097999997437000275, 0.9276999831199646, 0.28450000286102295, 0.22110000252723694 ],
			"pose_transform": [
				[ 4.6592998504638672, 4.8446002006530762, -7.4040999412536621, 0 ],
				[ -8.8304004669189453, 3.0759000778198242, -3.5443000793457031, 0 ],
				[ -0.56029999256134033, -8.1894998550415039, -5.7112002372741699, 0 ],
				[ 50.026798248291016, 55.775299072265625, 255.86520385742188, 1 ]
			],
			"cuboid_centroid": [ 78.85980224609375, 51.952400207519531, 251.23939514160156 ],
			"projected_cuboid_centroid": [ 1261.3282470703125, 738.5133056640625 ],
			"bounding_box":
			{
				"top_left": [ 711.46990966796875, 1234.7449951171875 ],
				"bottom_right": [ 766.07611083984375, 1288.6357421875 ]
			},
			"cuboid": [
				[ 75.842002868652344, 52.394699096679688, 243.72760009765625 ],
				[ 85.490798950195312, 49.033798217773438, 247.60040283203125 ],
				[ 85.949897766113281, 55.744400024414062, 252.28019714355469 ],
				[ 76.301101684570312, 59.105300903320312, 248.40739440917969 ],
				[ 71.769798278808594, 48.160499572753906, 250.19859313964844 ],
				[ 81.418601989746094, 44.799598693847656, 254.07150268554688 ],
				[ 81.877700805664062, 51.510200500488281, 258.75119018554688 ],
				[ 72.228897094726562, 54.871101379394531, 254.87840270996094 ]
			],
			"projected_cuboid": [
				[ 1258.7283935546875, 746.37347412109375 ],
				[ 1291.4664306640625, 730.1146240234375 ],
				[ 1287.0645751953125, 752.12371826171875 ],
				[ 1254.874755859375, 768.41937255859375 ],
				[ 1235.37744140625, 724.7896728515625 ],
				[ 1267.6375732421875, 709.27392578125 ],
				[ 1263.77685546875, 731.1094970703125 ],
				[ 1232.0504150390625, 746.672119140625 ]
			]
		},
		{
			"class": "SM_Decor_1",
			"instance_id": 0,
			"visibility": 1,
			"location": [ 52.664901733398438, 46.777801513671875, 268.50839233398438 ],
			"quaternion_xyzw": [ -0.0414000004529953, 0.92720001935958862, 0.29800000786781311, -0.22300000488758087 ],
			"pose_transform": [
				[ -4.3818001747131348, 5.3415999412536621, -7.2295999526977539, 0 ],
				[ -8.971400260925293, -2.0975000858306885, 3.887700080871582, 0 ],
				[ -0.56029999256134033, -8.1894998550415039, -5.7112002372741699, 0 ],
				[ 52.664901733398438, 46.777801513671875, 268.50839233398438, 1 ]
			],
			"cuboid_centroid": [ 68.282203674316406, 56.632400512695312, 245.56619262695312 ],
			"projected_cuboid_centroid": [ 1226.93798828125, 761.39508056640625 ],
			"bounding_box":
			{
				"top_left": [ 734.74609375, 1200.9752197265625 ],
				"bottom_right": [ 788.76287841796875, 1253.3270263671875 ]
			},
			"cuboid": [
				[ 61.236499786376953, 54.465499877929688, 242.19110107421875 ],
				[ 71.039299011230469, 56.757301330566406, 237.9429931640625 ],
				[ 71.498397827148438, 63.467899322509766, 242.622802734375 ],
				[ 61.695598602294922, 61.175998687744141, 246.87080383300781 ],
				[ 65.06610107421875, 49.797000885009766, 248.50970458984375 ],
				[ 74.868896484375, 52.088901519775391, 244.2615966796875 ],
				[ 75.3280029296875, 58.799400329589844, 248.94140625 ],
				[ 65.525199890136719, 56.507598876953125, 253.18940734863281 ]
			],
			"projected_cuboid": [
				[ 1202.730224609375, 755.89093017578125 ],
				[ 1246.614013671875, 768.99188232421875 ],
				[ 1242.9019775390625, 791.1270751953125 ],
				[ 1199.9141845703125, 777.89361572265625 ],
				[ 1211.3524169921875, 732.36749267578125 ],
				[ 1254.2509765625, 744.72039794921875 ],
				[ 1250.4896240234375, 766.75 ],
				[ 1208.4471435546875, 754.25579833984375 ]
			]
		}
	]
}