{
	"camera_data":
	{
		"location_worldframe": [ 114.19529724121094, 234.26190185546875, 245 ],
		"quaternion_xyzw_worldframe": [ 0.28839999437332153, 0.18379999697208405, -0.83350002765655518, 0.43389999866485596 ]
	},
	"objects": [
		{
			"class": "SM_Sofa",
			"instance_id": 0,
			"visibility": 0.65310001373291016,
			"location": [ 57.721500396728516, -25.122699737548828, 357.54098510742188 ],
			"quaternion_xyzw": [ 0.18379999697208405, 0.83350002765655518, 0.28839999437332153, 0.43389999866485596 ],
			"pose_transform": [
				[ 0.82940000295639038, 0.321399986743927, -0.45699998736381531, 0 ],
				[ -0.555899977684021, 0.55669999122619629, -0.61729997396469116, 0 ],
				[ -0.056000001728534698, -0.76609998941421509, -0.64029997587203979, 0 ],
				[ 57.721500396728516, -25.122699737548828, 357.54098510742188, 1 ]
			],
			"cuboid_centroid": [ 57.721500396728516, -25.122699737548828, 357.54098510742188 ],
			"projected_cuboid_centroid": [ 1114.9827880859375, 472.54541015625 ],
			"bounding_box":
			{
				"top_left": [ 280.6990966796875, 772.43377685546875 ],
				"bottom_right": [ 779.0244140625, 1546.607177734375 ]
			},
			"cuboid": [
				[ 135.86259460449219, 14.843700408935547, 242.20730590820312 ],
				[ 191.4613037109375, -40.8302001953125, 303.948486328125 ],
				[ 195.81520080566406, 18.702699661254883, 353.71038818359375 ],
				[ 140.21650695800781, 74.376602172851562, 291.96920776367188 ],
				[ -80.372299194335938, -68.948097229003906, 361.3717041015625 ],
				[ -24.773599624633789, -124.62200164794922, 423.1129150390625 ],
				[ -20.419700622558594, -65.089103698730469, 472.87478637695312 ],
				[ -76.018402099609375, -9.4152002334594727, 411.13360595703125 ]
			],
			"projected_cuboid": [
				[ 1498.4984130859375, 598.83380126953125 ],
				[ 1564.7176513671875, 411.04071044921875 ],
				[ 1491.4593505859375, 590.76092529296875 ],
				[ 1421.0350341796875, 784.55181884765625 ],
				[ 746.48779296875, 356.83621215820312 ],
				[ 903.7916259765625, 257.24530029296875 ],
				[ 918.54559326171875, 407.86029052734375 ],
				[ 782.49700927734375, 518.015380859375 ]
			]
		},
		{
			"class": "SM_Armchair",
			"instance_id": 0,
			"visibility": 0.61619997024536133,
			"location": [ -191.53750610351562, -12.07960033416748, 351.78750610351562 ],
			"quaternion_xyzw": [ 0.34070000052452087, 0.1632000058889389, 0.029799999669194221, 0.9254000186920166 ],
			"pose_transform": [
				[ 0.32229998707771301, -0.62089997529983521, 0.71460002660751343, 0 ],
				[ 0.94499999284744263, 0.1664000004529953, -0.28169998526573181, 0 ],
				[ -0.056000001728534698, -0.76609998941421509, -0.64029997587203979, 0 ],
				[ -191.53750610351562, -12.07960033416748, 351.78750610351562, 1 ]
			],
			"cuboid_centroid": [ -191.53750610351562, -12.07960033416748, 351.78750610351562 ],
			"projected_cuboid_centroid": [ 437.309814453125, 507.03549194335938 ],
			"bounding_box":
			{
				"top_left": [ 359.49200439453125, 219.03329467773438 ],
				"bottom_right": [ 669.31341552734375, 616.23651123046875 ]
			},
			"cuboid": [
				[ -140.06280517578125, -59.127601623535156, 340.51959228515625 ],
				[ -223.2012939453125, -73.763099670410156, 365.30319213867188 ],
				[ -218.67739868164062, -11.907600402832031, 417.00650024414062 ],
				[ -135.53900146484375, 2.7279999256134033, 392.222900390625 ],
				[ -164.39759826660156, -12.251700401306152, 286.568603515625 ],
				[ -247.53599548339844, -26.887199401855469, 311.35211181640625 ],
				[ -243.01220703125, 34.968299865722656, 363.05538940429688 ],
				[ -159.87379455566406, 49.603801727294922, 338.27178955078125 ]
			],
			"projected_cuboid": [
				[ 565.13238525390625, 373.30621337890625 ],
				[ 373.43789672851562, 346.15380859375 ],
				[ 456.57809448242188, 512.58721923828125 ],
				[ 628.2567138671875, 546.67681884765625 ],
				[ 409.27108764648438, 498.9569091796875 ],
				[ 196.76629638671875, 457.09768676757812 ],
				[ 317.4215087890625, 632.46392822265625 ],
				[ 506.28579711914062, 680.77337646484375 ]
			]
		},
		{
			"class": "SM_Coffe_Table_2",
			"instance_id": 0,
			"visibility": 0.9375,
			"location": [ 18.176700592041016, 38.851200103759766, 299.76800537109375 ],
			"quaternion_xyzw": [ 0.18379999697208405, 0.83350002765655518, 0.28839999437332153, 0.43389999866485596 ],
			"pose_transform": [
				[ 0.82940000295639038, 0.321399986743927, -0.45699998736381531, 0 ],
				[ -0.555899977684021, 0.55669999122619629, -0.61729997396469116, 0 ],
				[ -0.056000001728534698, -0.76609998941421509, -0.64029997587203979, 0 ],
				[ 18.176700592041016, 38.851200103759766, 299.76800537109375, 1 ]
			],
			"cuboid_centroid": [ 18.176700592041016, 38.851200103759766, 299.76800537109375 ],
			"projected_cuboid_centroid": [ 1018.2108154296875, 664.419921875 ],
			"bounding_box":
			{
				"top_left": [ 552.03582763671875, 915.61322021484375 ],
				"bottom_right": [ 779.12298583984375, 1122.7537841796875 ]
			},
			"cuboid": [
				[ 24.96150016784668, 49.196701049804688, 256.32638549804688 ],
				[ 56.987300872802734, 17.127599716186523, 291.8905029296875 ],
				[ 59.173599243164062, 47.021198272705078, 316.877685546875 ],
				[ 27.147699356079102, 79.090400695800781, 281.3135986328125 ],
				[ -22.820199966430664, 30.68120002746582, 282.65829467773438 ],
				[ 9.2055997848510742, -1.3880000114440918, 318.222412109375 ],
				[ 11.391900062561035, 28.505599975585938, 343.2095947265625 ],
				[ -20.634000778198242, 60.574798583984375, 307.6455078125 ]
			],
			"projected_cuboid": [
				[ 1053.486572265625, 724.2529296875 ],
				[ 1147.4261474609375, 596.33087158203125 ],
				[ 1139.2703857421875, 682.4534912109375 ],
				[ 1052.6435546875, 809.90081787109375 ],
				[ 882.49542236328125, 644.20330810546875 ],
				[ 987.7716064453125, 535.8126220703125 ],
				[ 991.86480712890625, 619.73370361328125 ],
				[ 895.61260986328125, 729.02197265625 ]
			]
		},
		{
			"class": "SM_Opened_Book",
			"instance_id": 0,
			"visibility": 0.74629998207092285,
			"location": [ -15.024499893188477, 3.9530000686645508, 329.91061401367188 ],
			"quaternion_xyzw": [ 0.7872999906539917, 0.2215999960899353, 0.090199999511241913, 0.56830000877380371 ],
			"pose_transform": [
				[ 0.39399999380111694, -0.85479998588562012, -0.33779999613761902, 0 ],
				[ 0.88550001382827759, 0.45149999856948853, -0.10980000346899033, 0 ],
				[ -0.24639999866485596, 0.25589999556541443, -0.93480002880096436, 0 ],
				[ -15.024499893188477, 3.9530000686645508, 329.91061401367188, 1 ]
			],
			"cuboid_centroid": [ -15.024499893188477, 3.9530000686645508, 329.91061401367188 ],
			"projected_cuboid_centroid": [ 916.28118896484375, 551.5028076171875 ],
			"bounding_box":
			{
				"top_left": [ 484.66360473632812, 867.0830078125 ],
				"bottom_right": [ 612.7484130859375, 971.93218994140625 ]
			},
			"cuboid": [
				[ 2.583899974822998, -6.5704998970031738, 319.6199951171875 ],
				[ -18.613800048828125, -17.380199432373047, 322.24880981445312 ],
				[ -17.338399887084961, -18.704700469970703, 327.08749389648438 ],
				[ 3.8594000339508057, -7.894899845123291, 324.45880126953125 ],
				[ -12.71049976348877, 26.610700607299805, 332.73370361328125 ],
				[ -33.908298492431641, 15.800999641418457, 335.36248779296875 ],
				[ -32.632801055908203, 14.476499557495117, 340.20120239257812 ],
				[ -11.435099601745605, 25.286300659179688, 337.572509765625 ]
			],
			"projected_cuboid": [
				[ 967.76141357421875, 520.26507568359375 ],
				[ 904.548583984375, 488.22311401367188 ],
				[ 909.1124267578125, 485.10189819335938 ],
				[ 971.41937255859375, 516.640625 ],
				[ 923.32818603515625, 616.7769775390625 ],
				[ 862.9354248046875, 585.23150634765625 ],
				[ 867.91522216796875, 580.8507080078125 ],
				[ 927.48101806640625, 611.909912109375 ]
			]
		},
		{
			"class": "SM_Cup",
			"instance_id": 0,
			"visibility": 0,
			"location": [ 165.10110473632812, -15.030699729919434, 188.22000122070312 ],