{
	"camera_data":
	{
		"location_worldframe": [ 114.19529724121094, 234.26190185546875, 245 ],
		"quaternion_xyzw_worldframe": [ 0.28839999437332153, 0.18379999697208405, -0.83350002765655518, 0.43389999866485596 ]
	},
	"objects": [
		{
			"class": "SM_Sofa",
			"instance_id": 0,
			"visibility": 0.64289999008178711,
			"location": [ 57.721500396728516, -25.122699737548828, 357.54098510742188 ],
			"quaternion_xyzw": [ 0.18379999697208405, 0.83350002765655518, 0.28839999437332153, 0.43389999866485596 ],
			"pose_transform": [
				[ 0.82940000295639038, 0.321399986743927, -0.45699998736381531, 0 ],
				[ -0.555899977684021, 0.55669999122619629, -0.61729997396469116, 0 ],
				[ -0.056000001728534698, -0.76609998941421509, -0.64029997587203979, 0 ],
				[ 57.721500396728516, -25.122699737548828, 357.54098510742188, 1 ]
			],
			"cuboid_centroid": [ 57.721500396728516, -25.122699737548828, 357.54098510742188 ],
			"projected_cuboid_centroid": [ 1114.9827880859375, 472.54541015625 ],
			"bounding_box":
			{
				"top_left": [ 280.6990966796875, 772.43377685546875 ],
				"bottom_right": [ 779.0244140625, 1546.607177734375 ]
			},
			"cuboid": [
				[ 135.86259460449219, 14.843700408935547, 242.20730590820312 ],
				[ 191.4613037109375, -40.8302001953125, 303.948486328125 ],
				[ 195.81520080566406, 18.702699661254883, 353.71038818359375 ],
				[ 140.21650695800781, 74.376602172851562, 291.96920776367188 ],
				[ -80.372299194335938, -68.948097229003906, 361.3717041015625 ],
				[ -24.773599624633789, -124.62200164794922, 423.1129150390625 ],
				[ -20.419700622558594, -65.089103698730469, 472.87478637695312 ],
				[ -76.018402099609375, -9.4152002334594727, 411.13360595703125 ]
			],
			"projected_cuboid": [
				[ 1498.4984130859375, 598.83380126953125 ],
				[ 1564.7176513671875, 411.04071044921875 ],
				[ 1491.4593505859375, 590.76092529296875 ],
				[ 1421.0350341796875, 784.55181884765625 ],
				[ 746.48779296875, 356.83621215820312 ],
				[ 903.7916259765625, 257.24530029296875 ],
				[ 918.54559326171875, 407.86029052734375 ],
				[ 782.49700927734375, 518.015380859375 ]
			]
		},
		{
			"class": "SM_Armchair",
			"instance_id": 0,
			"visibility": 0.70709997415542603,
			"location": [ -187.07989501953125, -21.696699142456055, 362.02609252929688 ],
			"quaternion_xyzw": [ 0.34070000052452087, 0.1632000058889389, 0.029799999669194221, 0.9254000186920166 ],
			"pose_transform": [
				[ 0.32229998707771301, -0.62089997529983521, 0.71460002660751343, 0 ],
				[ 0.94499999284744263, 0.1664000004529953, -0.28169998526573181, 0 ],
				[ -0.056000001728534698, -0.76609998941421509, -0.64029997587203979, 0 ],
				[ -187.07989501953125, -21.696699142456055, 362.02609252929688, 1 ]
			],
			"cuboid_centroid": [ -187.07989501953125, -21.696699142456055, 362.02609252929688 ],
			"projected_cuboid_centroid": [ 463.91268920898438, 482.4656982421875 ],
			"bounding_box":
			{
				"top_left": [ 339.3656005859375, 255.37370300292969 ],
				"bottom_right": [ 639.268798828125, 635.83978271484375 ]
			},
			"cuboid": [
				[ -135.60519409179688, -68.744697570800781, 350.75830078125 ],
				[ -218.74369812011719, -83.380203247070312, 375.54180908203125 ],
				[ -214.21989440917969, -21.524700164794922, 427.24508666992188 ],
				[ -131.08149719238281, -6.8891000747680664, 402.46148681640625 ],
				[ -159.94000244140625, -21.868799209594727, 296.80718994140625 ],
				[ -243.07839965820312, -36.504299163818359, 321.5906982421875 ],
				[ -238.55459594726562, 25.351200103759766, 373.29400634765625 ],
				[ -155.41619873046875, 39.986698150634766, 348.51040649414062 ]
			],
			"projected_cuboid": [
				[ 588.85870361328125, 351.8507080078125 ],
				[ 400.82449340820312, 326.85440063476562 ],
				[ 478.65829467773438, 491.6348876953125 ],
				[ 647.3289794921875, 523.56707763671875 ],
				[ 442.68670654296875, 469.26699829101562 ],
				[ 234.37229919433594, 431.02850341796875 ],
				[ 346.50949096679688, 605.19549560546875 ],
				[ 531.8939208984375, 650.1466064453125 ]
			]
		},
		{
			"class": "SM_Coffe_Table_2",
			"instance_id": 0,
			"visibility": 0.92779999971389771,
			"location": [ 4.0311999320983887, 31.75, 309.92620849609375 ],
			"quaternion_xyzw": [ 0.18379999697208405, 0.83350002765655518, 0.28839999437332153, 0.43389999866485596 ],
			"pose_transform": [
				[ 0.82940000295639038, 0.321399986743927, -0.45699998736381531, 0 ],
				[ -0.555899977684021, 0.55669999122619629, -0.61729997396469116, 0 ],
				[ -0.056000001728534698, -0.76609998941421509, -0.64029997587203979, 0 ],
				[ 4.0311999320983887, 31.75, 309.92620849609375, 1 ]
			],
			"cuboid_centroid": [ 4.0311999320983887, 31.75, 309.92620849609375 ],
			"projected_cuboid_centroid": [ 972.48699951171875, 638.34613037109375 ],
			"bounding_box":
			{
				"top_left": [ 530.3966064453125, 872.31158447265625 ],
				"bottom_right": [ 748.326171875, 1070.5052490234375 ]
			},
			"cuboid": [
				[ 10.815999984741211, 42.095600128173828, 266.48458862304688 ],
				[ 42.841899871826172, 10.026399612426758, 302.0487060546875 ],
				[ 45.028099060058594, 39.919998168945312, 327.035888671875 ],
				[ 13.002300262451172, 71.98919677734375, 291.4718017578125 ],
				[ -36.9656982421875, 23.579999923706055, 292.81649780273438 ],
				[ -4.9397997856140137, -8.4891996383666992, 328.380615234375 ],
				[ -2.7535998821258545, 21.404399871826172, 353.3677978515625 ],
				[ -34.779399871826172, 53.473598480224609, 317.8037109375 ]
			],
			"projected_cuboid": [
				[ 998.964599609375, 691.6478271484375 ],
				[ 1096.1644287109375, 571.86688232421875 ],
				[ 1092.1785888671875, 657.18359375 ],
				[ 1002.8250122070312, 777.10577392578125 ],
				[ 838.80810546875, 617.30718994140625 ],
				[ 945.55902099609375, 515.182373046875 ],
				[ 952.519775390625, 598.1497802734375 ],
				[ 854.94097900390625, 701.52947998046875 ]
			]
		},
		{
			"class": "SM_Opened_Book",
			"instance_id": 0,
			"visibility": 1,
			"location": [ 0.54890000820159912, -52.362701416015625, 301.02880859375 ],
			"quaternion_xyzw": [ -0.3481999933719635, -0.0087000001221895218, -0.88040000200271606, 0.32190001010894775 ],
			"pose_transform": [
				[ 0.60740000009536743, 0.23950000107288361, 0.75739997625350952, 0 ],
				[ -0.5503000020980835, -0.56080001592636108, 0.61870002746582031, 0 ],
				[ -0.57289999723434448, 0.79259997606277466, 0.20880000293254852, 0 ],
				[ 0.54890000820159912, -52.362701416015625, 301.02880859375, 1 ]
			],
			"cuboid_centroid": [ 0.54890000820159912, -52.362701416015625, 301.02880859375 ],
			"projected_cuboid_centroid": [ 961.7509765625, 373.0120849609375 ],
			"bounding_box":
			{
				"top_left": [ 324.11221313476562, 905.16119384765625 ],
				"bottom_right": [ 413.78179931640625, 1024.17919921875 ]
			},
			"cuboid": [
				[ 4.2691998481750488, -52.374599456787109, 323.67510986328125 ],
				[ 17.442800521850586, -38.950298309326172, 308.864501953125 ],
				[ 20.408300399780273, -43.053001403808594, 307.78359985351562 ],
				[ 7.234799861907959, -56.477298736572266, 322.59408569335938 ],
				[ -19.31049919128418, -61.672401428222656, 294.27389526367188 ],
				[ -6.1370000839233398, -48.248100280761719, 279.46340942382812 ],
				[ -3.1714000701904297, -52.350700378417969, 278.38250732421875 ],
				[ -16.344999313354492, -65.775001525878906, 293.1929931640625 ]
			],
			"projected_cuboid": [
				[ 972.66278076171875, 384.66018676757812 ],
				[ 1014.215576171875, 418.93630981445312 ],
				[ 1023.6555786132812, 405.714599609375 ],
				[ 981.53021240234375, 371.93060302734375 ],
				[ 897.00439453125, 338.80828857421875 ],
				[ 938.91900634765625, 374.26040649414062 ],
				[ 949.06378173828125, 359.46890258789062 ],
				[ 906.48199462890625, 324.63320922851562 ]
			]
		},
		{
			"class": "SM_Cup",
			"instance_id": 0,
			"visibility": 1,
			"location": [ 39.558101654052734, -104.58570098876953, 286.37420654296875 ],
			"quaternion_xyzw": [ 0.54170000553131104, 0.75770002603530884, -0.24179999530315399, 0.2720000147819519 ],