{
	"camera_data":
	{
		"location_worldframe": [ 114.19529724121094, 234.26190185546875, 245 ],
		"quaternion_xyzw_worldframe": [ 0.28839999437332153, 0.18379999697208405, -0.83350002765655518, 0.43389999866485596 ]
	},
	"objects": [
		{
			"class": "SM_Sofa",
			"instance_id": 0,
			"visibility": 0.65310001373291016,
			"location": [ 57.721500396728516, -25.122699737548828, 357.54098510742188 ],
			"quaternion_xyzw": [ 0.18379999697208405, 0.83350002765655518, 0.28839999437332153, 0.43389999866485596 ],
			"pose_transform": [
				[ 0.82940000295639038, 0.321399986743927, -0.45699998736381531, 0 ],
				[ -0.555899977684021, 0.55669999122619629, -0.61729997396469116, 0 ],
				[ -0.056000001728534698, -0.76609998941421509, -0.64029997587203979, 0 ],
				[ 57.721500396728516, -25.122699737548828, 357.54098510742188, 1 ]
			],
			"cuboid_centroid": [ 57.721500396728516, -25.122699737548828, 357.54098510742188 ],
			"projected_cuboid_centroid": [ 1114.9827880859375, 472.54541015625 ],
			"bounding_box":
			{
				"top_left": [ 280.6990966796875, 772.43377685546875 ],
				"bottom_right": [ 779.0244140625, 1546.607177734375 ]
			},
			"cuboid": [
				[ 135.86259460449219, 14.843700408935547, 242.20730590820312 ],
				[ 191.4613037109375, -40.8302001953125, 303.948486328125 ],
				[ 195.81520080566406, 18.702699661254883, 353.71038818359375 ],
				[ 140.21650695800781, 74.376602172851562, 291.96920776367188 ],
				[ -80.372299194335938, -68.948097229003906, 361.3717041015625 ],
				[ -24.773599624633789, -124.62200164794922, 423.1129150390625 ],
				[ -20.419700622558594, -65.089103698730469, 472.87478637695312 ],
				[ -76.018402099609375, -9.4152002334594727, 411.13360595703125 ]
			],
			"projected_cuboid": [
				[ 1498.4984130859375, 598.83380126953125 ],
				[ 1564.7176513671875, 411.04071044921875 ],
				[ 1491.4593505859375, 590.76092529296875 ],
				[ 1421.0350341796875, 784.55181884765625 ],
				[ 746.48779296875, 356.83621215820312 ],
				[ 903.7916259765625, 257.24530029296875 ],
				[ 918.54559326171875, 407.86029052734375 ],
				[ 782.49700927734375, 518.015380859375 ]
			]
		},
		{
			"class": "SM_Armchair",
			"instance_id": 0,
			"visibility": 0.73739999532699585,
			"location": [ -190.75889587402344, -13.750699996948242, 353.5531005859375 ],
			"quaternion_xyzw": [ 0.34070000052452087, 0.1632000058889389, 0.029799999669194221, 0.9254000186920166 ],
			"pose_transform": [
				[ 0.32229998707771301, -0.62089997529983521, 0.71460002660751343, 0 ],
				[ 0.94499999284744263, 0.1664000004529953, -0.28169998526573181, 0 ],
				[ -0.056000001728534698, -0.76609998941421509, -0.64029997587203979, 0 ],
				[ -190.75889587402344, -13.750699996948242, 353.5531005859375, 1 ]
			],
			"cuboid_centroid": [ -190.75889587402344, -13.750699996948242, 353.5531005859375 ],
			"projected_cuboid_centroid": [ 442.03439331054688, 502.66268920898438 ],
			"bounding_box":
			{
				"top_left": [ 355.9053955078125, 225.49710083007812 ],
				"bottom_right": [ 663.968994140625, 619.69720458984375 ]
			},
			"cuboid": [
				[ -139.28419494628906, -60.798599243164062, 342.28518676757812 ],
				[ -222.422607421875, -75.434196472167969, 367.06878662109375 ],
				[ -217.8988037109375, -13.578700065612793, 418.7720947265625 ],
				[ -134.76040649414062, 1.0569000244140625, 393.98849487304688 ],
				[ -163.61900329589844, -13.922800064086914, 288.3341064453125 ],
				[ -246.75729370117188, -28.558300018310547, 313.11770629882812 ],
				[ -242.23359680175781, 33.297199249267578, 364.82101440429688 ],
				[ -159.0950927734375, 47.93280029296875, 340.03741455078125 ]
			],
			"projected_cuboid": [
				[ 569.35321044921875, 369.47930908203125 ],
				[ 378.29568481445312, 342.71578979492188 ],
				[ 460.48568725585938, 508.87188720703125 ],
				[ 631.640625, 542.5751953125 ],
				[ 415.23599243164062, 493.6444091796875 ],
				[ 203.4573974609375, 452.44180297851562 ],
				[ 322.58029174804688, 627.6190185546875 ],
				[ 510.83999633789062, 675.3245849609375 ]
			]
		},
		{
			"class": "SM_Coffe_Table_2",
			"instance_id": 0,
			"visibility": 0.92779999971389771,
			"location": [ 0.35120001435279846, 30.816900253295898, 311.35580444335938 ],
			"quaternion_xyzw": [ 0.18379999697208405, 0.83350002765655518, 0.28839999437332153, 0.43389999866485596 ],
			"pose_transform": [
				[ 0.82940000295639038, 0.321399986743927, -0.45699998736381531, 0 ],
				[ -0.555899977684021, 0.55669999122619629, -0.61729997396469116, 0 ],
				[ -0.056000001728534698, -0.76609998941421509, -0.64029997587203979, 0 ],
				[ 0.35120001435279846, 30.816900253295898, 311.35580444335938, 1 ]
			],
			"cuboid_centroid": [ 0.35120001435279846, 30.816900253295898, 311.35580444335938 ],
			"projected_cuboid_centroid": [ 961.08319091796875, 635.01727294921875 ],
			"bounding_box":
			{
				"top_left": [ 527.658203125, 861.1259765625 ],
				"bottom_right": [ 744.36920166015625, 1057.9075927734375 ]
			},
			"cuboid": [
				[ 7.1360001564025879, 41.162498474121094, 267.91421508789062 ],
				[ 39.161899566650391, 9.0932998657226562, 303.47830200195312 ],
				[ 41.348098754882812, 38.986900329589844, 328.46551513671875 ],
				[ 9.3222999572753906, 71.056098937988281, 292.90139770507812 ],
				[ -40.645698547363281, 22.646900177001953, 294.24609375 ],
				[ -8.6197996139526367, -9.4223003387451172, 329.81021118164062 ],
				[ -6.4335999488830566, 20.47130012512207, 354.79739379882812 ],
				[ -38.459400177001953, 52.540500640869141, 319.23330688476562 ]
			],
			"projected_cuboid": [
				[ 985.57037353515625, 687.494873046875 ],
				[ 1083.8819580078125, 568.7650146484375 ],
				[ 1080.8477783203125, 653.9462890625 ],
				[ 990.55438232421875, 772.89007568359375 ],
				[ 827.39068603515625, 613.8870849609375 ],
				[ 934.90997314453125, 512.57379150390625 ],
				[ 942.59259033203125, 595.390625 ],
				[ 844.344970703125, 698 ]
			]
		},
		{
			"class": "SM_Opened_Book",
			"instance_id": 0,
			"visibility": 1,
			"location": [ 46.047401428222656, 134.41250610351562, 297.18508911132812 ],
			"quaternion_xyzw": [ -0.4221000075340271, 0.89759999513626099, 0.020400000736117363, -0.12520000338554382 ],
			"pose_transform": [
				[ -0.2418999969959259, -0.069099999964237213, -0.96780002117156982, 0 ],
				[ -0.61239999532699585, -0.76279997825622559, 0.20749999582767487, 0 ],
				[ 0.75260001420974731, -0.64289999008178711, -0.14219999313354492, 0 ],
				[ 46.047401428222656, 134.41250610351562, 297.18508911132812, 1 ]
			],
			"cuboid_centroid": [ 46.047401428222656, 134.41250610351562, 297.18508911132812 ],
			"projected_cuboid_centroid": [ 1108.747802734375, 974.1942138671875 ],
			"bounding_box":
			{
				"top_left": [ 921.5989990234375, 1068.9029541015625 ],
				"bottom_right": [ 1040.51904296875, 1142.7550048828125 ]
			},
			"cuboid": [
				[ 35.970199584960938, 122.27639770507812, 280.51589965820312 ],
				[ 50.630401611328125, 140.53849792480469, 275.54800415039062 ],
				[ 46.734401702880859, 143.86630249023438, 276.28408813476562 ],
				[ 32.074298858642578, 125.60420227050781, 281.25210571289062 ],
				[ 45.360500335693359, 124.95870208740234, 318.08599853515625 ],
				[ 60.020599365234375, 143.22090148925781, 313.11810302734375 ],
				[ 56.124599456787109, 146.5487060546875, 313.85418701171875 ],
				[ 41.464500427246094, 128.2864990234375, 318.82220458984375 ]
			],
			"projected_cuboid": [
				[ 1083.0999755859375, 958.46240234375 ],
				[ 1136.394775390625, 1029.6318359375 ],
				[ 1122.3875732421875, 1039.8900146484375 ],
				[ 1069.4798583984375, 968.725830078125 ],
				[ 1096.900634765625, 917.13201904296875 ],
				[ 1144.019775390625, 979.106201171875 ],
				[ 1131.67138671875, 988.2550048828125 ],
				[ 1084.8533935546875, 926.28118896484375 ]
			]
		},
		{
			"class": "SM_Cup",
			"instance_id": 0,
			"visibility": 0.19589999318122864,
			"location": [ -22.45989990234375, 85.237098693847656, 359.4302978515625 ],