{
	"camera_data":
	{
		"location_worldframe": [ 114.19529724121094, 234.26190185546875, 245 ],
		"quaternion_xyzw_worldframe": [ 0.28839999437332153, 0.18379999697208405, -0.83350002765655518, 0.43389999866485596 ]
	},
	"objects": [
		{
			"class": "SM_Sofa",
			"instance_id": 0,
			"visibility": 0.63270002603530884,
			"location": [ 57.721500396728516, -25.122699737548828, 357.54098510742188 ],
			"quaternion_xyzw": [ 0.18379999697208405, 0.83350002765655518, 0.28839999437332153, 0.43389999866485596 ],
			"pose_transform": [
				[ 0.82940000295639038, 0.321399986743927, -0.45699998736381531, 0 ],
				[ -0.555899977684021, 0.55669999122619629, -0.61729997396469116, 0 ],
				[ -0.056000001728534698, -0.76609998941421509, -0.64029997587203979, 0 ],
				[ 57.721500396728516, -25.122699737548828, 357.54098510742188, 1 ]
			],
			"cuboid_centroid": [ 57.721500396728516, -25.122699737548828, 357.54098510742188 ],
			"projected_cuboid_centroid": [ 1114.9827880859375, 472.54541015625 ],
			"bounding_box":
			{
				"top_left": [ 280.6990966796875, 772.43377685546875 ],
				"bottom_right": [ 779.0244140625, 1546.607177734375 ]
			},
			"cuboid": [
				[ 135.86259460449219, 14.843700408935547, 242.20730590820312 ],
				[ 191.4613037109375, -40.8302001953125, 303.948486328125 ],
				[ 195.81520080566406, 18.702699661254883, 353.71038818359375 ],
				[ 140.21650695800781, 74.376602172851562, 291.96920776367188 ],
				[ -80.372299194335938, -68.948097229003906, 361.3717041015625 ],
				[ -24.773599624633789, -124.62200164794922, 423.1129150390625 ],
				[ -20.419700622558594, -65.089103698730469, 472.87478637695312 ],
				[ -76.018402099609375, -9.4152002334594727, 411.13360595703125 ]
			],
			"projected_cuboid": [
				[ 1498.4984130859375, 598.83380126953125 ],
				[ 1564.7176513671875, 411.04071044921875 ],
				[ 1491.4593505859375, 590.76092529296875 ],
				[ 1421.0350341796875, 784.55181884765625 ],
				[ 746.48779296875, 356.83621215820312 ],
				[ 903.7916259765625, 257.24530029296875 ],
				[ 918.54559326171875, 407.86029052734375 ],
				[ 782.49700927734375, 518.015380859375 ]
			]
		},
		{
			"class": "SM_Armchair",
			"instance_id": 0,
			"visibility": 0.62239998579025269,
			"location": [ -191.90570068359375, -23.005300521850586, 364.05889892578125 ],
			"quaternion_xyzw": [ 0.34070000052452087, 0.1632000058889389, 0.029799999669194221, 0.9254000186920166 ],
			"pose_transform": [
				[ 0.32229998707771301, -0.62089997529983521, 0.71460002660751343, 0 ],
				[ 0.94499999284744263, 0.1664000004529953, -0.28169998526573181, 0 ],
				[ -0.056000001728534698, -0.76609998941421509, -0.64029997587203979, 0 ],
				[ -191.90570068359375, -23.005300521850586, 364.05889892578125, 1 ]
			],
			"cuboid_centroid": [ -191.90570068359375, -23.005300521850586, 364.05889892578125 ],
			"projected_cuboid_centroid": [ 453.95748901367188, 479.3363037109375 ],
			"bounding_box":
			{
				"top_left": [ 337.06588745117188, 245.63279724121094 ],
				"bottom_right": [ 635.14288330078125, 625.85357666015625 ]
			},
			"cuboid": [
				[ -140.43099975585938, -70.053298950195312, 352.79098510742188 ],
				[ -223.56939697265625, -84.688796997070312, 377.5745849609375 ],
				[ -219.04559326171875, -22.83329963684082, 429.27789306640625 ],
				[ -135.90719604492188, -8.1976995468139648, 404.49429321289062 ],
				[ -164.76570129394531, -23.177400588989258, 298.83990478515625 ],
				[ -247.90420532226562, -37.812900543212891, 323.62350463867188 ],
				[ -243.38040161132812, 24.042600631713867, 375.32681274414062 ],
				[ -160.24189758300781, 38.6781005859375, 350.543212890625 ]
			],
			"projected_cuboid": [
				[ 577.8656005859375, 349.3739013671875 ],
				[ 391.56549072265625, 324.6748046875 ],
				[ 470.14569091796875, 488.9375 ],
				[ 637.44732666015625, 520.54400634765625 ],
				[ 430.70330810546875, 465.5443115234375 ],
				[ 224.61520385742188, 427.83120727539062 ],
				[ 337.48919677734375, 601.49530029296875 ],
				[ 521.16070556640625, 645.9241943359375 ]
			]
		},
		{
			"class": "SM_Coffe_Table_2",
			"instance_id": 0,
			"visibility": 0.91750001907348633,
			"location": [ -11.411499977111816, 26.451499938964844, 316.4801025390625 ],
			"quaternion_xyzw": [ 0.18379999697208405, 0.83350002765655518, 0.28839999437332153, 0.43389999866485596 ],
			"pose_transform": [
				[ 0.82940000295639038, 0.321399986743927, -0.45699998736381531, 0 ],
				[ -0.555899977684021, 0.55669999122619629, -0.61729997396469116, 0 ],
				[ -0.056000001728534698, -0.76609998941421509, -0.64029997587203979, 0 ],
				[ -11.411499977111816, 26.451499938964844, 316.4801025390625, 1 ]
			],
			"cuboid_centroid": [ -11.411499977111816, 26.451499938964844, 316.4801025390625 ],
			"projected_cuboid_centroid": [ 925.38519287109375, 620.23712158203125 ],
			"bounding_box":
			{
				"top_left": [ 515.04510498046875, 826.30572509765625 ],
				"bottom_right": [ 727.29541015625, 1020.1185913085938 ]
			},
			"cuboid": [
				[ -4.6266999244689941, 36.797100067138672, 273.03851318359375 ],
				[ 27.399200439453125, 4.7279000282287598, 308.60260009765625 ],
				[ 29.585500717163086, 34.621498107910156, 333.58981323242188 ],
				[ -2.4403998851776123, 66.690696716308594, 298.02569580078125 ],
				[ -52.408401489257812, 18.281499862670898, 299.37039184570312 ],
				[ -20.382499694824219, -13.787699699401855, 334.93450927734375 ],
				[ -18.196300506591797, 16.105899810791016, 359.92169189453125 ],
				[ -50.222099304199219, 48.175098419189453, 324.35760498046875 ]
			],
			"projected_cuboid": [
				[ 943.73297119140625, 669.37811279296875 ],
				[ 1045.233642578125, 554.70758056640625 ],
				[ 1045.1409912109375, 639.63330078125 ],
				[ 952.13922119140625, 754.823974609375 ],
				[ 791.94091796875, 598.623779296875 ],
				[ 901.57940673828125, 500.48129272460938 ],
				[ 911.46661376953125, 582.95849609375 ],
				[ 811.35821533203125, 682.58367919921875 ]
			]
		},
		{
			"class": "SM_Opened_Book",
			"instance_id": 0,
			"visibility": 1,
			"location": [ 0.30469998717308044, -85.226799011230469, 295.64230346679688 ],
			"quaternion_xyzw": [ -0.16500000655651093, 0.59570002555847168, 0.6062999963760376, 0.50040000677108765 ],
			"pose_transform": [
				[ 0.39599999785423279, 0.88739997148513794, 0.23589999973773956, 0 ],
				[ -0.4447999894618988, 0.41010001301765442, -0.7961999773979187, 0 ],
				[ 0.80330002307891846, -0.21029999852180481, -0.55709999799728394, 0 ],
				[ 0.30469998717308044, -85.226799011230469, 295.64230346679688, 1 ]
			],
			"cuboid_centroid": [ 0.30469998717308044, -85.226799011230469, 295.64230346679688 ],
			"projected_cuboid_centroid": [ 960.98980712890625, 263.25430297851562 ],
			"bounding_box":
			{
				"top_left": [ 199.47250366210938, 909.30517578125 ],
				"bottom_right": [ 334.968505859375, 1002.17138671875 ]
			},
			"cuboid": [
				[ 4.7451000213623047, -63.637401580810547, 289.2489013671875 ],
				[ 15.393699645996094, -73.455802917480469, 308.30960083007812 ],
				[ 11.235400199890137, -72.366996765136719, 311.193603515625 ],
				[ 0.58670002222061157, -62.548599243164062, 292.13290405273438 ],
				[ -10.62600040435791, -98.086502075195312, 280.09100341796875 ],
				[ 0.022600000724196434, -107.90499877929688, 299.15170288085938 ],
				[ -4.1357998847961426, -106.81620025634766, 302.03570556640625 ],
				[ -14.78439998626709, -96.997802734375, 282.97500610351562 ]
			],
			"projected_cuboid": [
				[ 975.7490234375, 328.79129028320312 ],
				[ 1007.9326171875, 311.27679443359375 ],
				[ 994.660400390625, 316.75518798828125 ],
				[ 961.9285888671875, 334.45431518554688 ],
				[ 923.5802001953125, 203.8125 ],
				[ 960.072998046875, 193.72489929199219 ],
				[ 946.855224609375, 200.49189758300781 ],
				[ 909.843994140625, 210.9324951171875 ]
			]
		},
		{
			"class": "SM_Cup",
			"instance_id": 0,
			"visibility": 1,
			"location": [ 106.55349731445312, -54.282398223876953, 261.45361328125 ],