{
	"camera_data":
	{
		"location_worldframe": [ 114.19529724121094, 234.26190185546875, 245 ],
		"quaternion_xyzw_worldframe": [ 0.28839999437332153, 0.18379999697208405, -0.83350002765655518, 0.43389999866485596 ]
	},
	"objects": [
		{
			"class": "SM_Sofa",
			"instance_id": 0,
			"visibility": 0.65310001373291016,
			"location": [ 57.721500396728516, -25.122699737548828, 357.54098510742188 ],
			"quaternion_xyzw": [ 0.18379999697208405, 0.83350002765655518, 0.28839999437332153, 0.43389999866485596 ],
			"pose_transform": [
				[ 0.82940000295639038, 0.321399986743927, -0.45699998736381531, 0 ],
				[ -0.555899977684021, 0.55669999122619629, -0.61729997396469116, 0 ],
				[ -0.056000001728534698, -0.76609998941421509, -0.64029997587203979, 0 ],
				[ 57.721500396728516, -25.122699737548828, 357.54098510742188, 1 ]
			],
			"cuboid_centroid": [ 57.721500396728516, -25.122699737548828, 357.54098510742188 ],
			"projected_cuboid_centroid": [ 1114.9827880859375, 472.54541015625 ],
			"bounding_box":
			{
				"top_left": [ 280.6990966796875, 772.43377685546875 ],
				"bottom_right": [ 779.0244140625, 1546.607177734375 ]
			},
			"cuboid": [
				[ 135.86259460449219, 14.843700408935547, 242.20730590820312 ],
				[ 191.4613037109375, -40.8302001953125, 303.948486328125 ],
				[ 195.81520080566406, 18.702699661254883, 353.71038818359375 ],
				[ 140.21650695800781, 74.376602172851562, 291.96920776367188 ],
				[ -80.372299194335938, -68.948097229003906, 361.3717041015625 ],
				[ -24.773599624633789, -124.62200164794922, 423.1129150390625 ],
				[ -20.419700622558594, -65.089103698730469, 472.87478637695312 ],
				[ -76.018402099609375, -9.4152002334594727, 411.13360595703125 ]
			],
			"projected_cuboid": [
				[ 1498.4984130859375, 598.83380126953125 ],
				[ 1564.7176513671875, 411.04071044921875 ],
				[ 1491.4593505859375, 590.76092529296875 ],
				[ 1421.0350341796875, 784.55181884765625 ],
				[ 746.48779296875, 356.83621215820312 ],
				[ 903.7916259765625, 257.24530029296875 ],
				[ 918.54559326171875, 407.86029052734375 ],
				[ 782.49700927734375, 518.015380859375 ]
			]
		},
		{
			"class": "SM_Armchair",
			"instance_id": 0,
			"visibility": 0.64649999141693115,
			"location": [ -191.53750610351562, -12.07960033416748, 351.78750610351562 ],
			"quaternion_xyzw": [ 0.34070000052452087, 0.1632000058889389, 0.029799999669194221, 0.9254000186920166 ],
			"pose_transform": [
				[ 0.32229998707771301, -0.62089997529983521, 0.71460002660751343, 0 ],
				[ 0.94499999284744263, 0.1664000004529953, -0.28169998526573181, 0 ],
				[ -0.056000001728534698, -0.76609998941421509, -0.64029997587203979, 0 ],
				[ -191.53750610351562, -12.07960033416748, 351.78750610351562, 1 ]
			],
			"cuboid_centroid": [ -191.53750610351562, -12.07960033416748, 351.78750610351562 ],
			"projected_cuboid_centroid": [ 437.309814453125, 507.03549194335938 ],
			"bounding_box":
			{
				"top_left": [ 359.49200439453125, 219.03329467773438 ],
				"bottom_right": [ 669.31341552734375, 616.23651123046875 ]
			},
			"cuboid": [
				[ -140.06280517578125, -59.127601623535156, 340.51959228515625 ],
				[ -223.2012939453125, -73.763099670410156, 365.30319213867188 ],
				[ -218.67739868164062, -11.907600402832031, 417.00650024414062 ],
				[ -135.53900146484375, 2.7279999256134033, 392.222900390625 ],
				[ -164.39759826660156, -12.251700401306152, 286.568603515625 ],
				[ -247.53599548339844, -26.887199401855469, 311.35211181640625 ],
				[ -243.01220703125, 34.968299865722656, 363.05538940429688 ],
				[ -159.87379455566406, 49.603801727294922, 338.27178955078125 ]
			],
			"projected_cuboid": [
				[ 565.13238525390625, 373.30621337890625 ],
				[ 373.43789672851562, 346.15380859375 ],
				[ 456.57809448242188, 512.58721923828125 ],
				[ 628.2567138671875, 546.67681884765625 ],
				[ 409.27108764648438, 498.9569091796875 ],
				[ 196.76629638671875, 457.09768676757812 ],
				[ 317.4215087890625, 632.46392822265625 ],
				[ 506.28579711914062, 680.77337646484375 ]
			]
		},
		{
			"class": "SM_Coffe_Table_2",
			"instance_id": 0,
			"visibility": 0.85420000553131104,
			"location": [ 38.299999237060547, 46.644599914550781, 288.52069091796875 ],
			"quaternion_xyzw": [ 0.18379999697208405, 0.83350002765655518, 0.28839999437332153, 0.43389999866485596 ],
			"pose_transform": [
				[ 0.82940000295639038, 0.321399986743927, -0.45699998736381531, 0 ],
				[ -0.555899977684021, 0.55669999122619629, -0.61729997396469116, 0 ],
				[ -0.056000001728534698, -0.76609998941421509, -0.64029997587203979, 0 ],
				[ 38.299999237060547, 46.644599914550781, 288.52069091796875, 1 ]
			],
			"cuboid_centroid": [ 38.299999237060547, 46.644599914550781, 288.52069091796875 ],
			"projected_cuboid_centroid": [ 1087.436767578125, 695.20147705078125 ],
			"bounding_box":
			{
				"top_left": [ 577.4871826171875, 982.39801025390625 ],
				"bottom_right": [ 815.601806640625, 1201.0419921875 ]
			},
			"cuboid": [
				[ 45.084800720214844, 56.990200042724609, 245.0791015625 ],
				[ 77.110702514648438, 24.920999526977539, 280.6431884765625 ],
				[ 79.296897888183594, 54.814601898193359, 305.63040161132812 ],
				[ 47.271099090576172, 86.883796691894531, 270.06631469726562 ],
				[ -2.6968998908996582, 38.474601745605469, 271.4110107421875 ],
				[ 29.329000473022461, 6.4053997993469238, 306.97509765625 ],
				[ 31.515199661254883, 36.298999786376953, 331.96231079101562 ],
				[ -0.51059997081756592, 68.368202209472656, 296.398193359375 ]
			],
			"projected_cuboid": [
				[ 1136.6021728515625, 763.236572265625 ],
				[ 1223.7738037109375, 625.2476806640625 ],
				[ 1209.0758056640625, 712.1754150390625 ],
				[ 1128.0340576171875, 848.84442138671875 ],
				[ 950.461181640625, 676.0875244140625 ],
				[ 1051.7205810546875, 560.03167724609375 ],
				[ 1051.1390380859375, 644.9730224609375 ],
				[ 958.34637451171875, 761.4368896484375 ]
			]
		},
		{
			"class": "SM_Opened_Book",
			"instance_id": 0,
			"visibility": 1,
			"location": [ -51.870498657226562, 71.2073974609375, 254.16119384765625 ],
			"quaternion_xyzw": [ 0.15119999647140503, 0.31020000576972961, -0.89380002021789551, -0.28639999032020569 ],
			"pose_transform": [
				[ -0.44789999723434448, -0.46790000796318054, 0.76190000772476196, 0 ],
				[ -0.79030001163482666, 0.60579997301101685, -0.092500001192092896, 0 ],
				[ 0.41819998621940613, 0.64349997043609619, 0.64109998941421509, 0 ],
				[ -51.870498657226562, 71.2073974609375, 254.16119384765625, 1 ]
			],
			"cuboid_centroid": [ -51.870498657226562, 71.2073974609375, 254.16119384765625 ],
			"projected_cuboid_centroid": [ 764.07891845703125, 808.9595947265625 ],
			"bounding_box":
			{
				"top_left": [ 729.70819091796875, 702.89111328125 ],
				"bottom_right": [ 889.82861328125, 824.55072021484375 ]
			},
			"cuboid": [
				[ -68.940200805664062, 71.041900634765625, 269.50048828125 ],
				[ -50.021800994873047, 56.540401458740234, 271.71560668945312 ],
				[ -52.186698913574219, 53.209300994873047, 268.39718627929688 ],
				[ -71.105003356933594, 67.710800170898438, 266.18209838867188 ],
				[ -51.554298400878906, 89.205596923828125, 239.92520141601562 ],
				[ -32.635898590087891, 74.704002380371094, 242.14030456542969 ],
				[ -34.800701141357422, 71.372901916503906, 238.82200622558594 ],
				[ -53.719100952148438, 85.874496459960938, 236.60679626464844 ]
			],
			"projected_cuboid": [
				[ 714.42547607421875, 793.06170654296875 ],
				[ 783.26800537109375, 739.76312255859375 ],
				[ 773.3397216796875, 730.31829833984375 ],
				[ 703.5562744140625, 784.20269775390625 ],
				[ 753.718994140625, 896.93341064453125 ],
				[ 830.6107177734375, 836.17462158203125 ],
				[ 820.1107177734375, 826.89990234375 ],
				[ 742.04229736328125, 888.423828125 ]
			]
		},
		{
			"class": "SM_Cup",
			"instance_id": 0,
			"visibility": 1,
			"location": [ -5.8077001571655273, -52.133499145507812, 268.39920043945312 ],