{
	"camera_data":
	{
		"location_worldframe": [ 114.19529724121094, 234.26190185546875, 245 ],
		"quaternion_xyzw_worldframe": [ 0.28839999437332153, 0.18379999697208405, -0.83350002765655518, 0.43389999866485596 ]
	},
	"objects": [
		{
			"class": "SM_Sofa",
			"instance_id": 0,
			"visibility": 0.64289999008178711,
			"location": [ 57.721500396728516, -25.122699737548828, 357.54098510742188 ],
			"quaternion_xyzw": [ 0.18379999697208405, 0.83350002765655518, 0.28839999437332153, 0.43389999866485596 ],
			"pose_transform": [
				[ 0.82940000295639038, 0.321399986743927, -0.45699998736381531, 0 ],
				[ -0.555899977684021, 0.55669999122619629, -0.61729997396469116, 0 ],
				[ -0.056000001728534698, -0.76609998941421509, -0.64029997587203979, 0 ],
				[ 57.721500396728516, -25.122699737548828, 357.54098510742188, 1 ]
			],
			"cuboid_centroid": [ 57.721500396728516, -25.122699737548828, 357.54098510742188 ],
			"projected_cuboid_centroid": [ 1114.9827880859375, 472.54541015625 ],
			"bounding_box":
			{
				"top_left": [ 280.6990966796875, 772.43377685546875 ],
				"bottom_right": [ 779.0244140625, 1546.607177734375 ]
			},
			"cuboid": [
				[ 135.86259460449219, 14.843700408935547, 242.20730590820312 ],
				[ 191.4613037109375, -40.8302001953125, 303.948486328125 ],
				[ 195.81520080566406, 18.702699661254883, 353.71038818359375 ],
				[ 140.21650695800781, 74.376602172851562, 291.96920776367188 ],
				[ -80.372299194335938, -68.948097229003906, 361.3717041015625 ],
				[ -24.773599624633789, -124.62200164794922, 423.1129150390625 ],
				[ -20.419700622558594, -65.089103698730469, 472.87478637695312 ],
				[ -76.018402099609375, -9.4152002334594727, 411.13360595703125 ]
			],
			"projected_cuboid": [
				[ 1498.4984130859375, 598.83380126953125 ],
				[ 1564.7176513671875, 411.04071044921875 ],
				[ 1491.4593505859375, 590.76092529296875 ],
				[ 1421.0350341796875, 784.55181884765625 ],
				[ 746.48779296875, 356.83621215820312 ],
				[ 903.7916259765625, 257.24530029296875 ],
				[ 918.54559326171875, 407.86029052734375 ],
				[ 782.49700927734375, 518.015380859375 ]
			]
		},
		{
			"class": "SM_Armchair",
			"instance_id": 0,
			"visibility": 0.95959997177124023,
			"location": [ -191.53750610351562, -12.07960033416748, 351.78750610351562 ],
			"quaternion_xyzw": [ 0.34070000052452087, 0.1632000058889389, 0.029799999669194221, 0.9254000186920166 ],
			"pose_transform": [
				[ 0.32229998707771301, -0.62089997529983521, 0.71460002660751343, 0 ],
				[ 0.94499999284744263, 0.1664000004529953, -0.28169998526573181, 0 ],
				[ -0.056000001728534698, -0.76609998941421509, -0.64029997587203979, 0 ],
				[ -191.53750610351562, -12.07960033416748, 351.78750610351562, 1 ]
			],
			"cuboid_centroid": [ -191.53750610351562, -12.07960033416748, 351.78750610351562 ],
			"projected_cuboid_centroid": [ 437.309814453125, 507.03549194335938 ],
			"bounding_box":
			{
				"top_left": [ 359.49200439453125, 219.03329467773438 ],
				"bottom_right": [ 669.31341552734375, 616.23651123046875 ]
			},
			"cuboid": [
				[ -140.06280517578125, -59.127601623535156, 340.51959228515625 ],
				[ -223.2012939453125, -73.763099670410156, 365.30319213867188 ],
				[ -218.67739868164062, -11.907600402832031, 417.00650024414062 ],
				[ -135.53900146484375, 2.7279999256134033, 392.222900390625 ],
				[ -164.39759826660156, -12.251700401306152, 286.568603515625 ],
				[ -247.53599548339844, -26.887199401855469, 311.35211181640625 ],
				[ -243.01220703125, 34.968299865722656, 363.05538940429688 ],
				[ -159.87379455566406, 49.603801727294922, 338.27178955078125 ]
			],
			"projected_cuboid": [
				[ 565.13238525390625, 373.30621337890625 ],
				[ 373.43789672851562, 346.15380859375 ],
				[ 456.57809448242188, 512.58721923828125 ],
				[ 628.2567138671875, 546.67681884765625 ],
				[ 409.27108764648438, 498.9569091796875 ],
				[ 196.76629638671875, 457.09768676757812 ],
				[ 317.4215087890625, 632.46392822265625 ],
				[ 506.28579711914062, 680.77337646484375 ]
			]
		},
		{
			"class": "SM_Coffe_Table_2",
			"instance_id": 0,
			"visibility": 0.94739997386932373,
			"location": [ 6.8590002059936523, 38.879199981689453, 300.70419311523438 ],
			"quaternion_xyzw": [ 0.18379999697208405, 0.83350002765655518, 0.28839999437332153, 0.43389999866485596 ],
			"pose_transform": [
				[ 0.82940000295639038, 0.321399986743927, -0.45699998736381531, 0 ],
				[ -0.555899977684021, 0.55669999122619629, -0.61729997396469116, 0 ],
				[ -0.056000001728534698, -0.76609998941421509, -0.64029997587203979, 0 ],
				[ 6.8590002059936523, 38.879199981689453, 300.70419311523438, 1 ]
			],
			"cuboid_centroid": [ 6.8590002059936523, 38.879199981689453, 300.70419311523438 ],
			"projected_cuboid_centroid": [ 981.8978271484375, 664.12200927734375 ],
			"bounding_box":
			{
				"top_left": [ 552.08599853515625, 878.79559326171875 ],
				"bottom_right": [ 778.44610595703125, 1083.7303466796875 ]
			},
			"cuboid": [
				[ 13.643799781799316, 49.224800109863281, 257.26260375976562 ],
				[ 45.669700622558594, 17.155599594116211, 292.82669067382812 ],
				[ 47.855998992919922, 47.049198150634766, 317.81390380859375 ],
				[ 15.830100059509277, 79.118400573730469, 282.24978637695312 ],
				[ -34.137901306152344, 30.709199905395508, 283.5946044921875 ],
				[ -2.1119999885559082, -1.3600000143051147, 319.15859985351562 ],
				[ 0.074299998581409454, 28.533599853515625, 344.14590454101562 ],
				[ -31.95159912109375, 60.602798461914062, 308.581787109375 ]
			],
			"projected_cuboid": [
				[ 1010.91357421875, 723.68701171875 ],
				[ 1109.723388671875, 596.24267578125 ],
				[ 1104.5557861328125, 682.1185302734375 ],
				[ 1013.8424072265625, 809.100830078125 ],
				[ 844.4398193359375, 643.9541015625 ],
				[ 953.6475830078125, 535.9091796875 ],
				[ 960.20758056640625, 619.59490966796875 ],
				[ 860.59857177734375, 728.53570556640625 ]
			]
		},
		{
			"class": "SM_Opened_Book",
			"instance_id": 0,
			"visibility": 0.66149997711181641,
			"location": [ -1.6830999851226807, -17.847000122070312, 326.66580200195312 ],
			"quaternion_xyzw": [ 0.095700003206729889, -0.69190001487731934, 0.37360000610351562, 0.61030000448226929 ],
			"pose_transform": [
				[ -0.77310001850128174, -0.63380002975463867, 0.024199999868869781, 0 ],
				[ -0.23669999837875366, 0.32370001077651978, 0.91610002517700195, 0 ],
				[ 0.58850002288818359, -0.70249998569488525, 0.40029999613761902, 0 ],
				[ -1.6830999851226807, -17.847000122070312, 326.66580200195312, 1 ]
			],
			"cuboid_centroid": [ -1.6830999851226807, -17.847000122070312, 326.66580200195312 ],
			"projected_cuboid_centroid": [ 955.05401611328125, 487.551513671875 ],
			"bounding_box":
			{
				"top_left": [ 440.12570190429688, 899.60498046875 ],
				"bottom_right": [ 540.87890625, 1005.9284057617188 ]
			},
			"cuboid": [
				[ -17.998500823974609, -28.093000411987305, 339.13681030273438 ],
				[ -12.331500053405762, -35.842201232910156, 317.20639038085938 ],
				[ -15.377699851989746, -32.206001281738281, 315.1343994140625 ],
				[ -21.044700622558594, -24.45680046081543, 337.06478881835938 ],
				[ 12.01140022277832, -3.4879999160766602, 338.19720458984375 ],
				[ 17.678400039672852, -11.237199783325195, 316.26690673828125 ],
				[ 14.632200241088867, -7.6009998321533203, 314.19479370117188 ],
				[ 8.9652996063232422, 0.14820000529289246, 336.12521362304688 ]
			],
			"projected_cuboid": [
				[ 909.05181884765625, 460.47671508789062 ],
				[ 922.68017578125, 431.52630615234375 ],
				[ 913.155029296875, 441.89019775390625 ],
				[ 900.06280517578125, 470.34420776367188 ],
				[ 994.0958251953125, 530.09912109375 ],
				[ 1013.66162109375, 505.89041137695312 ],
				[ 1004.7081909179688, 516.77569580078125 ],
				[ 985.60577392578125, 540.42340087890625 ]
			]
		},
		{
			"class": "SM_Cup",
			"instance_id": 0,
			"visibility": 1,
			"location": [ 46.240798950195312, -5.6869001388549805, 187.38400268554688 ],