{
	"camera_data":
	{
		"location_worldframe": [ 114.19529724121094, 234.26190185546875, 245 ],
		"quaternion_xyzw_worldframe": [ 0.28839999437332153, 0.18379999697208405, -0.83350002765655518, 0.43389999866485596 ]
	},
	"objects": [
		{
			"class": "SM_Sofa",
			"instance_id": 0,
			"visibility": 0.66329997777938843,
			"location": [ 57.721500396728516, -25.122699737548828, 357.54098510742188 ],
			"quaternion_xyzw": [ 0.18379999697208405, 0.83350002765655518, 0.28839999437332153, 0.43389999866485596 ],
			"pose_transform": [
				[ 0.82940000295639038, 0.321399986743927, -0.45699998736381531, 0 ],
				[ -0.555899977684021, 0.55669999122619629, -0.61729997396469116, 0 ],
				[ -0.056000001728534698, -0.76609998941421509, -0.64029997587203979, 0 ],
				[ 57.721500396728516, -25.122699737548828, 357.54098510742188, 1 ]
			],
			"cuboid_centroid": [ 57.721500396728516, -25.122699737548828, 357.54098510742188 ],
			"projected_cuboid_centroid": [ 1114.9827880859375, 472.54541015625 ],
			"bounding_box":
			{
				"top_left": [ 280.6990966796875, 772.43377685546875 ],
				"bottom_right": [ 779.0244140625, 1546.607177734375 ]
			},
			"cuboid": [
				[ 135.86259460449219, 14.843700408935547, 242.20730590820312 ],
				[ 191.4613037109375, -40.8302001953125, 303.948486328125 ],
				[ 195.81520080566406, 18.702699661254883, 353.71038818359375 ],
				[ 140.21650695800781, 74.376602172851562, 291.96920776367188 ],
				[ -80.372299194335938, -68.948097229003906, 361.3717041015625 ],
				[ -24.773599624633789, -124.62200164794922, 423.1129150390625 ],
				[ -20.419700622558594, -65.089103698730469, 472.87478637695312 ],
				[ -76.018402099609375, -9.4152002334594727, 411.13360595703125 ]
			],
			"projected_cuboid": [
				[ 1498.4984130859375, 598.83380126953125 ],
				[ 1564.7176513671875, 411.04071044921875 ],
				[ 1491.4593505859375, 590.76092529296875 ],
				[ 1421.0350341796875, 784.55181884765625 ],
				[ 746.48779296875, 356.83621215820312 ],
				[ 903.7916259765625, 257.24530029296875 ],
				[ 918.54559326171875, 407.86029052734375 ],
				[ 782.49700927734375, 518.015380859375 ]
			]
		},
		{
			"class": "SM_Armchair",
			"instance_id": 0,
			"visibility": 0.82829999923706055,
			"location": [ -186.30940246582031, -22.301599502563477, 362.73550415039062 ],
			"quaternion_xyzw": [ 0.34070000052452087, 0.1632000058889389, 0.029799999669194221, 0.9254000186920166 ],
			"pose_transform": [
				[ 0.32229998707771301, -0.62089997529983521, 0.71460002660751343, 0 ],
				[ 0.94499999284744263, 0.1664000004529953, -0.28169998526573181, 0 ],
				[ -0.056000001728534698, -0.76609998941421509, -0.64029997587203979, 0 ],
				[ -186.30940246582031, -22.301599502563477, 362.73550415039062, 1 ]
			],
			"cuboid_centroid": [ -186.30940246582031, -22.301599502563477, 362.73550415039062 ],
			"projected_cuboid_centroid": [ 466.92208862304688, 480.97760009765625 ],
			"bounding_box":
			{
				"top_left": [ 338.17330932617188, 259.16171264648438 ],
				"bottom_right": [ 637.41949462890625, 638.2899169921875 ]
			},
			"cuboid": [
				[ -134.83479309082031, -69.349502563476562, 351.46771240234375 ],
				[ -217.97320556640625, -83.985000610351562, 376.25131225585938 ],
				[ -213.44940185546875, -22.129499435424805, 427.95449829101562 ],
				[ -130.31100463867188, -7.4939999580383301, 403.1708984375 ],
				[ -159.16949462890625, -22.473600387573242, 297.5166015625 ],
				[ -242.30790710449219, -37.109199523925781, 322.30020141601562 ],
				[ -237.78410339355469, 24.746400833129883, 374.00338745117188 ],
				[ -154.64579772949219, 39.381900787353516, 349.21990966796875 ]
			],
			"projected_cuboid": [
				[ 591.71221923828125, 350.5784912109375 ],
				[ 403.84478759765625, 325.71310424804688 ],
				[ 481.18460083007812, 490.35830688476562 ],
				[ 649.71380615234375, 522.1558837890625 ],
				[ 446.40640258789062, 467.4840087890625 ],
				[ 238.26449584960938, 429.46688842773438 ],
				[ 349.6510009765625, 603.519287109375 ],
				[ 534.881591796875, 648.26019287109375 ]
			]
		},
		{
			"class": "SM_Coffe_Table_2",
			"instance_id": 0,
			"visibility": 0.92779999971389771,
			"location": [ 5.773900032043457, 32.876201629638672, 308.43359375 ],
			"quaternion_xyzw": [ 0.18379999697208405, 0.83350002765655518, 0.28839999437332153, 0.43389999866485596 ],
			"pose_transform": [
				[ 0.82940000295639038, 0.321399986743927, -0.45699998736381531, 0 ],
				[ -0.555899977684021, 0.55669999122619629, -0.61729997396469116, 0 ],
				[ -0.056000001728534698, -0.76609998941421509, -0.64029997587203979, 0 ],
				[ 5.773900032043457, 32.876201629638672, 308.43359375, 1 ]
			],
			"cuboid_centroid": [ 5.773900032043457, 32.876201629638672, 308.43359375 ],
			"projected_cuboid_centroid": [ 977.97161865234375, 642.32720947265625 ],
			"bounding_box":
			{
				"top_left": [ 533.7388916015625, 877.4229736328125 ],
				"bottom_right": [ 752.98602294921875, 1076.841796875 ]
			},
			"cuboid": [
				[ 12.558699607849121, 43.2218017578125, 264.99200439453125 ],
				[ 44.584598541259766, 11.152600288391113, 300.55609130859375 ],
				[ 46.770801544189453, 41.046199798583984, 325.54330444335938 ],
				[ 14.744999885559082, 73.115402221679688, 289.97918701171875 ],
				[ -35.222999572753906, 24.706199645996094, 291.32391357421875 ],
				[ -3.1970999240875244, -7.3629999160766602, 326.88800048828125 ],
				[ -1.0109000205993652, 22.530599594116211, 351.87521362304688 ],
				[ -33.036701202392578, 54.599800109863281, 316.31109619140625 ]
			],
			"projected_cuboid": [
				[ 1005.4973754882812, 696.5819091796875 ],
				[ 1102.406982421875, 575.62237548828125 ],
				[ 1097.923583984375, 661.0418701171875 ],
				[ 1008.8145751953125, 782.05462646484375 ],
				[ 843.92999267578125, 621.4144287109375 ],
				[ 950.61102294921875, 518.37652587890625 ],
				[ 957.24237060546875, 601.468994140625 ],
				[ 859.734375, 705.709716796875 ]
			]
		},
		{
			"class": "SM_Opened_Book",
			"instance_id": 0,
			"visibility": 1,
			"location": [ 17.205400466918945, 118.49600219726562, 201.59989929199219 ],
			"quaternion_xyzw": [ -0.85530000925064087, 0.36300000548362732, 0.19429999589920044, -0.31450000405311584 ],
			"pose_transform": [
				[ -0.56080001592636108, -0.3968999981880188, -0.72659999132156372, 0 ],
				[ 0.66089999675750732, -0.74320000410079956, -0.10409999638795853, 0 ],
				[ 0.49869999289512634, 0.53860002756118774, -0.67909997701644897, 0 ],
				[ 17.205400466918945, 118.49600219726562, 201.59989929199219, 1 ]
			],
			"cuboid_centroid": [ 17.205400466918945, 118.49600219726562, 201.59989929199219 ],
			"projected_cuboid_centroid": [ 1041.9305419921875, 1104.266845703125 ],
			"bounding_box":
			{
				"top_left": [ 1052.18994140625, 944.64337158203125 ],
				"bottom_right": [ 1159.2528076171875, 1119.2008056640625 ]
			},
			"cuboid": [
				[ 15.523099899291992, 103.29019927978516, 184.49290466308594 ],
				[ -0.29929998517036438, 121.08190155029297, 186.98489379882812 ],
				[ -2.8807001113891602, 118.29380035400391, 190.50019836425781 ],
				[ 12.941699981689453, 100.50209808349609, 188.00810241699219 ],
				[ 37.291500091552734, 118.69809722900391, 212.69960021972656 ],
				[ 21.469100952148438, 136.48989868164062, 215.19160461425781 ],
				[ 18.887599945068359, 133.70179748535156, 218.70689392089844 ],
				[ 34.709999084472656, 115.91000366210938, 216.21490478515625 ]
			],
			"projected_cuboid": [
				[ 1040.774169921875, 1077.465576171875 ],
				[ 958.46380615234375, 1161.647216796875 ],
				[ 945.48321533203125, 1136.1259765625 ],
				[ 1026.0823974609375, 1053.1798095703125 ],
				[ 1128.311767578125, 1075.733154296875 ],
				[ 1055.776611328125, 1148.900634765625 ],
				[ 1042.906005859375, 1126.8756103515625 ],
				[ 1114.1136474609375, 1054.643798828125 ]
			]
		},
		{
			"class": "SM_Cup",
			"instance_id": 0,
			"visibility": 0,
			"location": [ 32.018398284912109, 82.736099243164062, 364.56671142578125 ],