{
	"camera_data":
	{
		"location_worldframe": [ 114.19529724121094, 234.26190185546875, 245 ],
		"quaternion_xyzw_worldframe": [ 0.28839999437332153, 0.18379999697208405, -0.83350002765655518, 0.43389999866485596 ]
	},
	"objects": [
		{
			"class": "SM_Sofa",
			"instance_id": 0,
			"visibility": 0.60199999809265137,
			"location": [ 57.721500396728516, -25.122699737548828, 357.54098510742188 ],
			"quaternion_xyzw": [ 0.18379999697208405, 0.83350002765655518, 0.28839999437332153, 0.43389999866485596 ],
			"pose_transform": [
				[ 0.82940000295639038, 0.321399986743927, -0.45699998736381531, 0 ],
				[ -0.555899977684021, 0.55669999122619629, -0.61729997396469116, 0 ],
				[ -0.056000001728534698, -0.76609998941421509, -0.64029997587203979, 0 ],
				[ 57.721500396728516, -25.122699737548828, 357.54098510742188, 1 ]
			],
			"cuboid_centroid": [ 57.721500396728516, -25.122699737548828, 357.54098510742188 ],
			"projected_cuboid_centroid": [ 1114.9827880859375, 472.54541015625 ],
			"bounding_box":
			{
				"top_left": [ 280.6990966796875, 772.43377685546875 ],
				"bottom_right": [ 779.0244140625, 1546.607177734375 ]
			},
			"cuboid": [
				[ 135.86259460449219, 14.843700408935547, 242.20730590820312 ],
				[ 191.4613037109375, -40.8302001953125, 303.948486328125 ],
				[ 195.81520080566406, 18.702699661254883, 353.71038818359375 ],
				[ 140.21650695800781, 74.376602172851562, 291.96920776367188 ],
				[ -80.372299194335938, -68.948097229003906, 361.3717041015625 ],
				[ -24.773599624633789, -124.62200164794922, 423.1129150390625 ],
				[ -20.419700622558594, -65.089103698730469, 472.87478637695312 ],
				[ -76.018402099609375, -9.4152002334594727, 411.13360595703125 ]
			],
			"projected_cuboid": [
				[ 1498.4984130859375, 598.83380126953125 ],
				[ 1564.7176513671875, 411.04071044921875 ],
				[ 1491.4593505859375, 590.76092529296875 ],
				[ 1421.0350341796875, 784.55181884765625 ],
				[ 746.48779296875, 356.83621215820312 ],
				[ 903.7916259765625, 257.24530029296875 ],
				[ 918.54559326171875, 407.86029052734375 ],
				[ 782.49700927734375, 518.015380859375 ]
			]
		},
		{
			"class": "SM_Armchair",
			"instance_id": 0,
			"visibility": 0.91920000314712524,
			"location": [ -183.48800659179688, -27.471200942993164, 368.80868530273438 ],
			"quaternion_xyzw": [ 0.34070000052452087, 0.1632000058889389, 0.029799999669194221, 0.9254000186920166 ],
			"pose_transform": [
				[ 0.32229998707771301, -0.62089997529983521, 0.71460002660751343, 0 ],
				[ 0.94499999284744263, 0.1664000004529953, -0.28169998526573181, 0 ],
				[ -0.056000001728534698, -0.76609998941421509, -0.64029997587203979, 0 ],
				[ -183.48800659179688, -27.471200942993164, 368.80868530273438, 1 ]
			],
			"cuboid_centroid": [ -183.48800659179688, -27.471200942993164, 368.80868530273438 ],
			"projected_cuboid_centroid": [ 482.38558959960938, 468.49310302734375 ],
			"bounding_box":
			{
				"top_left": [ 328.17239379882812, 280.05828857421875 ],
				"bottom_right": [ 621.91021728515625, 649.89312744140625 ]
			},
			"cuboid": [
				[ -132.0133056640625, -74.519096374511719, 357.54080200195312 ],
				[ -215.15179443359375, -89.154701232910156, 382.32440185546875 ],
				[ -210.62789916992188, -27.299200057983398, 434.0277099609375 ],
				[ -127.48960113525391, -12.663599967956543, 409.24411010742188 ],
				[ -156.34809875488281, -27.643199920654297, 303.58969116210938 ],
				[ -239.48649597167969, -42.278800964355469, 328.373291015625 ],
				[ -234.96270751953125, 19.576700210571289, 380.07659912109375 ],
				[ -151.82429504394531, 34.212299346923828, 355.29299926757812 ]
			],
			"projected_cuboid": [
				[ 605.54351806640625, 339.9154052734375 ],
				[ 419.76370239257812, 316.13629150390625 ],
				[ 494.12490844726562, 479.61849975585938 ],
				[ 660.9368896484375, 510.29379272460938 ],
				[ 465.60220336914062, 452.58749389648438 ],
				[ 259.8612060546875, 416.397705078125 ],
				[ 366.5299072265625, 589.4468994140625 ],
				[ 549.771728515625, 632.44140625 ]
			]
		},
		{
			"class": "SM_Coffe_Table_2",
			"instance_id": 0,
			"visibility": 0.88660001754760742,
			"location": [ 30.477100372314453, 36.059799194335938, 302.45318603515625 ],
			"quaternion_xyzw": [ 0.18379999697208405, 0.83350002765655518, 0.28839999437332153, 0.43389999866485596 ],
			"pose_transform": [
				[ 0.82940000295639038, 0.321399986743927, -0.45699998736381531, 0 ],
				[ -0.555899977684021, 0.55669999122619629, -0.61729997396469116, 0 ],
				[ -0.056000001728534698, -0.76609998941421509, -0.64029997587203979, 0 ],
				[ 30.477100372314453, 36.059799194335938, 302.45318603515625, 1 ]
			],
			"cuboid_centroid": [ 30.477100372314453, 36.059799194335938, 302.45318603515625 ],
			"projected_cuboid_centroid": [ 1056.73583984375, 654.455322265625 ],
			"bounding_box":
			{
				"top_left": [ 543.37701416015625, 955.947021484375 ],
				"bottom_right": [ 767.77630615234375, 1162.783203125 ]
			},
			"cuboid": [
				[ 37.261798858642578, 46.405399322509766, 259.0115966796875 ],
				[ 69.287696838378906, 14.336199760437012, 294.57571411132812 ],
				[ 71.4739990234375, 44.229801177978516, 319.56289672851562 ],
				[ 39.448101043701172, 76.299003601074219, 283.99880981445312 ],
				[ -10.519900321960449, 27.889799118041992, 285.343505859375 ],
				[ 21.506000518798828, -4.1793999671936035, 320.9075927734375 ],
				[ 23.692300796508789, 25.714199066162109, 345.89480590820312 ],
				[ -8.3336000442504883, 57.783401489257812, 310.3306884765625 ]
			],
			"projected_cuboid": [
				[ 1098.1075439453125, 711.9967041015625 ],
				[ 1185.8038330078125, 586.72052001953125 ],
				[ 1174.715576171875, 672.87091064453125 ],
				[ 1093.3465576171875, 797.9132080078125 ],
				[ 924.6077880859375, 633.8314208984375 ],
				[ 1024.3360595703125, 527.4971923828125 ],
				[ 1025.7562255859375, 611.36749267578125 ],
				[ 934.2205810546875, 718.75140380859375 ]
			]
		},
		{
			"class": "SM_Opened_Book",
			"instance_id": 0,
			"visibility": 1,
			"location": [ 46.188301086425781, -25.528600692749023, 258.1455078125 ],
			"quaternion_xyzw": [ -0.062700003385543823, 0.85970002412796021, -0.49900001287460327, -0.08919999748468399 ],
			"pose_transform": [
				[ -0.090700000524520874, -0.86919999122619629, -0.48600000143051147, 0 ],
				[ -0.97619998455047607, -0.018799999728798866, 0.2159000039100647, 0 ],
				[ 0.19679999351501465, -0.49410000443458557, 0.84689998626708984, 0 ],
				[ 46.188301086425781, -25.528600692749023, 258.1455078125, 1 ]
			],
			"cuboid_centroid": [ 46.188301086425781, -25.528600692749023, 258.1455078125 ],
			"projected_cuboid_centroid": [ 1131.766845703125, 445.06338500976562 ],
			"bounding_box":
			{
				"top_left": [ 377.94940185546875, 1083.6162109375 ],
				"bottom_right": [ 514.36688232421875, 1179.22802734375 ]
			},
			"cuboid": [
				[ 33.2510986328125, -43.903400421142578, 253.48809814453125 ],
				[ 56.621898651123047, -43.453300476074219, 248.32000732421875 ],
				[ 55.603199005126953, -40.895900726318359, 243.93629455566406 ],
				[ 32.232498168945312, -41.346000671386719, 249.10450744628906 ],
				[ 36.773300170898438, -10.161299705505371, 272.35470581054688 ],
				[ 60.144100189208984, -9.7111997604370117, 267.18649291992188 ],
				[ 59.125499725341797, -7.1538000106811523, 262.80288696289062 ],
				[ 35.75469970703125, -7.6038999557495117, 267.97100830078125 ]
			],
			"projected_cuboid": [
				[ 1085.9276123046875, 373.730712890625 ],
				[ 1178.899658203125, 372.01040649414062 ],
				[ 1178.8243408203125, 379.05609130859375 ],
				[ 1084.218017578125, 380.66049194335938 ],
				[ 1089.61962890625, 504.18328857421875 ],
				[ 1176.0980224609375, 505.1077880859375 ],
				[ 1175.9814453125, 513.867919921875 ],
				[ 1088.090576171875, 512.75921630859375 ]
			]
		},
		{
			"class": "SM_Cup",
			"instance_id": 0,
			"visibility": 1,
			"location": [ 9.133000373840332, 12.381600379943848, 263.83099365234375 ],