{
	"camera_data":
	{
		"location_worldframe": [ 114.19529724121094, 234.26190185546875, 245 ],
		"quaternion_xyzw_worldframe": [ 0.28839999437332153, 0.18379999697208405, -0.83350002765655518, 0.43389999866485596 ]
	},
	"objects": [
		{
			"class": "SM_Sofa",
			"instance_id": 0,
			"visibility": 0.62239998579025269,
			"location": [ 57.721500396728516, -25.122699737548828, 357.54098510742188 ],
			"quaternion_xyzw": [ 0.18379999697208405, 0.83350002765655518, 0.28839999437332153, 0.43389999866485596 ],
			"pose_transform": [
				[ 0.82940000295639038, 0.321399986743927, -0.45699998736381531, 0 ],
				[ -0.555899977684021, 0.55669999122619629, -0.61729997396469116, 0 ],
				[ -0.056000001728534698, -0.76609998941421509, -0.64029997587203979, 0 ],
				[ 57.721500396728516, -25.122699737548828, 357.54098510742188, 1 ]
			],
			"cuboid_centroid": [ 57.721500396728516, -25.122699737548828, 357.54098510742188 ],
			"projected_cuboid_centroid": [ 1114.9827880859375, 472.54541015625 ],
			"bounding_box":
			{
				"top_left": [ 280.6990966796875, 772.43377685546875 ],
				"bottom_right": [ 779.0244140625, 1546.607177734375 ]
			},
			"cuboid": [
				[ 135.86259460449219, 14.843700408935547, 242.20730590820312 ],
				[ 191.4613037109375, -40.8302001953125, 303.948486328125 ],
				[ 195.81520080566406, 18.702699661254883, 353.71038818359375 ],
				[ 140.21650695800781, 74.376602172851562, 291.96920776367188 ],
				[ -80.372299194335938, -68.948097229003906, 361.3717041015625 ],
				[ -24.773599624633789, -124.62200164794922, 423.1129150390625 ],
				[ -20.419700622558594, -65.089103698730469, 472.87478637695312 ],
				[ -76.018402099609375, -9.4152002334594727, 411.13360595703125 ]
			],
			"projected_cuboid": [
				[ 1498.4984130859375, 598.83380126953125 ],
				[ 1564.7176513671875, 411.04071044921875 ],
				[ 1491.4593505859375, 590.76092529296875 ],
				[ 1421.0350341796875, 784.55181884765625 ],
				[ 746.48779296875, 356.83621215820312 ],
				[ 903.7916259765625, 257.24530029296875 ],
				[ 918.54559326171875, 407.86029052734375 ],
				[ 782.49700927734375, 518.015380859375 ]
			]
		},
		{
			"class": "SM_Armchair",
			"instance_id": 0,
			"visibility": 0.84689998626708984,
			"location": [ -187.360107421875, -27.452400207519531, 368.96209716796875 ],
			"quaternion_xyzw": [ 0.34070000052452087, 0.1632000058889389, 0.029799999669194221, 0.9254000186920166 ],
			"pose_transform": [
				[ 0.32229998707771301, -0.62089997529983521, 0.71460002660751343, 0 ],
				[ 0.94499999284744263, 0.1664000004529953, -0.28169998526573181, 0 ],
				[ -0.056000001728534698, -0.76609998941421509, -0.64029997587203979, 0 ],
				[ -187.360107421875, -27.452400207519531, 368.96209716796875, 1 ]
			],
			"cuboid_centroid": [ -187.360107421875, -27.452400207519531, 368.96209716796875 ],
			"projected_cuboid_centroid": [ 472.5093994140625, 468.57159423828125 ],
			"bounding_box":
			{
				"top_left": [ 328.3074951171875, 269.2235107421875 ],
				"bottom_right": [ 621.92547607421875, 640.76409912109375 ]
			},
			"cuboid": [
				[ -135.88540649414062, -74.500297546386719, 357.6942138671875 ],
				[ -219.0238037109375, -89.135902404785156, 382.47781372070312 ],
				[ -214.5, -27.280399322509766, 434.18109130859375 ],
				[ -131.36160278320312, -12.644800186157227, 409.39749145507812 ],
				[ -160.22019958496094, -27.624399185180664, 303.74310302734375 ],
				[ -243.35859680175781, -42.259998321533203, 328.52670288085938 ],
				[ -238.83479309082031, 19.595500946044922, 380.22988891601562 ],
				[ -155.69639587402344, 34.231098175048828, 355.4464111328125 ]
			],
			"projected_cuboid": [
				[ 595.30340576171875, 340.05160522460938 ],
				[ 410.26150512695312, 316.273193359375 ],
				[ 485.72808837890625, 479.681396484375 ],
				[ 651.96929931640625, 510.3489990234375 ],
				[ 453.61410522460938, 452.69100952148438 ],
				[ 248.87339782714844, 416.51031494140625 ],
				[ 356.99319458007812, 589.4744873046875 ],
				[ 539.49102783203125, 632.45220947265625 ]
			]
		},
		{
			"class": "SM_Coffe_Table_2",
			"instance_id": 0,
			"visibility": 0.92779999971389771,
			"location": [ 9.0886001586914062, 24.912399291992188, 317.04190063476562 ],
			"quaternion_xyzw": [ 0.18379999697208405, 0.83350002765655518, 0.28839999437332153, 0.43389999866485596 ],
			"pose_transform": [
				[ 0.82940000295639038, 0.321399986743927, -0.45699998736381531, 0 ],
				[ -0.555899977684021, 0.55669999122619629, -0.61729997396469116, 0 ],
				[ -0.056000001728534698, -0.76609998941421509, -0.64029997587203979, 0 ],
				[ 9.0886001586914062, 24.912399291992188, 317.04190063476562, 1 ]
			],
			"cuboid_centroid": [ 9.0886001586914062, 24.912399291992188, 317.04190063476562 ],
			"projected_cuboid_centroid": [ 987.5203857421875, 615.43450927734375 ],
			"bounding_box":
			{
				"top_left": [ 510.58041381835938, 889.9683837890625 ],
				"bottom_right": [ 722.14569091796875, 1084.12841796875 ]
			},
			"cuboid": [
				[ 15.873299598693848, 35.257999420166016, 273.60031127929688 ],
				[ 47.899200439453125, 3.1888000965118408, 309.16439819335938 ],
				[ 50.085498809814453, 33.082401275634766, 334.151611328125 ],
				[ 18.059600830078125, 65.151603698730469, 298.58749389648438 ],
				[ -31.90839958190918, 16.742399215698242, 299.93218994140625 ],
				[ 0.11749999970197678, -15.326800346374512, 335.49630737304688 ],
				[ 2.303800106048584, 14.566800117492676, 360.48348999023438 ],
				[ -29.722099304199219, 46.636001586914062, 324.91940307617188 ]
			],
			"projected_cuboid": [
				[ 1015.6962280273438, 663.71209716796875 ],
				[ 1108.734375, 549.90167236328125 ],
				[ 1103.8931884765625, 635.04400634765625 ],
				[ 1018.0645751953125, 749.47137451171875 ],
				[ 857.87060546875, 593.58782958984375 ],
				[ 960.33660888671875, 496.14340209960938 ],
				[ 966.1356201171875, 578.792724609375 ],
				[ 872.18402099609375, 677.789794921875 ]
			]
		},
		{
			"class": "SM_Opened_Book",
			"instance_id": 0,
			"visibility": 1,
			"location": [ 3.0790998935699463, -26.746799468994141, 289.66461181640625 ],
			"quaternion_xyzw": [ -0.17710000276565552, -0.15680000185966492, -0.93849998712539673, 0.2515999972820282 ],
			"pose_transform": [
				[ 0.25350001454353333, 0.38350000977516174, 0.8881000280380249, 0 ],
				[ -0.81059998273849487, -0.41670000553131104, 0.41139999032020569, 0 ],
				[ -0.52789998054504395, 0.82419997453689575, -0.20520000159740448, 0 ],
				[ 3.0790998935699463, -26.746799468994141, 289.66461181640625, 1 ]
			],
			"cuboid_centroid": [ 3.0789999961853027, -26.746799468994141, 289.66461181640625 ],
			"projected_cuboid_centroid": [ 970.20501708984375, 451.35629272460938 ],
			"bounding_box":
			{
				"top_left": [ 396.73019409179688, 919.94140625 ],
				"bottom_right": [ 494.74481201171875, 1020.9874267578125 ]
			},
			"cuboid": [
				[ -3.0690000057220459, -22.15839958190918, 311.2943115234375 ],
				[ 16.336599349975586, -12.181699752807617, 301.44549560546875 ],
				[ 19.069000244140625, -16.447900772094727, 302.5078125 ],
				[ -0.33649998903274536, -26.42449951171875, 312.35650634765625 ],
				[ -12.910900115966797, -37.045700073242188, 276.8212890625 ],
				[ 6.4945998191833496, -27.069099426269531, 266.97259521484375 ],
				[ 9.2271003723144531, -31.335300445556641, 268.034912109375 ],
				[ -10.178500175476074, -41.311901092529297, 277.88360595703125 ]
			],
			"projected_cuboid": [
				[ 950.5360107421875, 471.6658935546875 ],
				[ 1012.0267944335938, 501.20541381835938 ],
				[ 1020.515380859375, 487.8031005859375 ],
				[ 958.96600341796875, 458.78659057617188 ],
				[ 915.2261962890625, 411.52749633789062 ],
				[ 983.3543701171875, 442.66281127929688 ],
				[ 993.0482177734375, 427.768798828125 ],
				[ 924.83697509765625, 397.2803955078125 ]
			]
		},
		{
			"class": "SM_Cup",
			"instance_id": 0,
			"visibility": 1,
			"location": [ 84.889503479003906, -4.6378002166748047, 158.79299926757812 ],