{
	"camera_data":
	{
		"location_worldframe": [ 114.19529724121094, 234.26190185546875, 245 ],
		"quaternion_xyzw_worldframe": [ 0.28839999437332153, 0.18379999697208405, -0.83350002765655518, 0.43389999866485596 ]
	},
	"objects": [
		{
			"class": "SM_Sofa",
			"instance_id": 0,
			"visibility": 0.59179997444152832,
			"location": [ 57.721500396728516, -25.122699737548828, 357.54098510742188 ],
			"quaternion_xyzw": [ 0.18379999697208405, 0.83350002765655518, 0.28839999437332153, 0.43389999866485596 ],
			"pose_transform": [
				[ 0.82940000295639038, 0.321399986743927, -0.45699998736381531, 0 ],
				[ -0.555899977684021, 0.55669999122619629, -0.61729997396469116, 0 ],
				[ -0.056000001728534698, -0.76609998941421509, -0.64029997587203979, 0 ],
				[ 57.721500396728516, -25.122699737548828, 357.54098510742188, 1 ]
			],
			"cuboid_centroid": [ 57.721500396728516, -25.122699737548828, 357.54098510742188 ],
			"projected_cuboid_centroid": [ 1114.9827880859375, 472.54541015625 ],
			"bounding_box":
			{
				"top_left": [ 280.6990966796875, 772.43377685546875 ],
				"bottom_right": [ 779.0244140625, 1546.607177734375 ]
			},
			"cuboid": [
				[ 135.86259460449219, 14.843700408935547, 242.20730590820312 ],
				[ 191.4613037109375, -40.8302001953125, 303.948486328125 ],
				[ 195.81520080566406, 18.702699661254883, 353.71038818359375 ],
				[ 140.21650695800781, 74.376602172851562, 291.96920776367188 ],
				[ -80.372299194335938, -68.948097229003906, 361.3717041015625 ],
				[ -24.773599624633789, -124.62200164794922, 423.1129150390625 ],
				[ -20.419700622558594, -65.089103698730469, 472.87478637695312 ],
				[ -76.018402099609375, -9.4152002334594727, 411.13360595703125 ]
			],
			"projected_cuboid": [
				[ 1498.4984130859375, 598.83380126953125 ],
				[ 1564.7176513671875, 411.04071044921875 ],
				[ 1491.4593505859375, 590.76092529296875 ],
				[ 1421.0350341796875, 784.55181884765625 ],
				[ 746.48779296875, 356.83621215820312 ],
				[ 903.7916259765625, 257.24530029296875 ],
				[ 918.54559326171875, 407.86029052734375 ],
				[ 782.49700927734375, 518.015380859375 ]
			]
		},
		{
			"class": "SM_Armchair",
			"instance_id": 0,
			"visibility": 0.89899998903274536,
			"location": [ -197.58819580078125, -8.4589996337890625, 348.0447998046875 ],
			"quaternion_xyzw": [ 0.34070000052452087, 0.1632000058889389, 0.029799999669194221, 0.9254000186920166 ],
			"pose_transform": [
				[ 0.32229998707771301, -0.62089997529983521, 0.71460002660751343, 0 ],
				[ 0.94499999284744263, 0.1664000004529953, -0.28169998526573181, 0 ],
				[ -0.056000001728534698, -0.76609998941421509, -0.64029997587203979, 0 ],
				[ -197.58819580078125, -8.4589996337890625, 348.0447998046875, 1 ]
			],
			"cuboid_centroid": [ -197.58819580078125, -8.4589996337890625, 348.0447998046875 ],
			"projected_cuboid_centroid": [ 414.99990844726562, 516.667724609375 ],
			"bounding_box":
			{
				"top_left": [ 367.426513671875, 191.57470703125 ],
				"bottom_right": [ 681.0504150390625, 597.84918212890625 ]
			},
			"cuboid": [
				[ -146.11349487304688, -55.506900787353516, 336.77688598632812 ],
				[ -229.25180053710938, -70.142501831054688, 361.56048583984375 ],
				[ -224.72799682617188, -8.2869997024536133, 413.26370239257812 ],
				[ -141.58970642089844, 6.348599910736084, 388.48019409179688 ],
				[ -170.44819641113281, -8.6310997009277344, 282.8258056640625 ],
				[ -253.58670043945312, -23.266599655151367, 307.60940551757812 ],
				[ -249.06289672851562, 38.588901519775391, 359.31271362304688 ],
				[ -165.92439270019531, 53.224498748779297, 334.52911376953125 ]
			],
			"projected_cuboid": [
				[ 543.49639892578125, 381.77450561523438 ],
				[ 351.30068969726562, 353.760498046875 ],
				[ 437.9635009765625, 520.74951171875 ],
				[ 610.1083984375, 555.68829345703125 ],
				[ 381.4453125, 510.70330810546875 ],
				[ 168.59689331054688, 467.38839721679688 ],
				[ 294.56240844726562, 643.10040283203125 ],
				[ 483.84600830078125, 692.7384033203125 ]
			]
		},
		{
			"class": "SM_Coffe_Table_2",
			"instance_id": 0,
			"visibility": 0.92779999971389771,
			"location": [ 11.997699737548828, 25.85260009765625, 315.33920288085938 ],
			"quaternion_xyzw": [ 0.18379999697208405, 0.83350002765655518, 0.28839999437332153, 0.43389999866485596 ],
			"pose_transform": [
				[ 0.82940000295639038, 0.321399986743927, -0.45699998736381531, 0 ],
				[ -0.555899977684021, 0.55669999122619629, -0.61729997396469116, 0 ],
				[ -0.056000001728534698, -0.76609998941421509, -0.64029997587203979, 0 ],
				[ 11.997699737548828, 25.85260009765625, 315.33920288085938, 1 ]
			],
			"cuboid_centroid": [ 11.997699737548828, 25.85260009765625, 315.33920288085938 ],
			"projected_cuboid_centroid": [ 996.525390625, 618.7039794921875 ],
			"bounding_box":
			{
				"top_left": [ 513.19451904296875, 898.63140869140625 ],
				"bottom_right": [ 726.11328125, 1094.244384765625 ]
			},
			"cuboid": [
				[ 18.782400131225586, 36.198200225830078, 271.89761352539062 ],
				[ 50.808300018310547, 4.129000186920166, 307.46170043945312 ],
				[ 52.994598388671875, 34.022598266601562, 332.44891357421875 ],
				[ 20.968700408935547, 66.091796875, 296.88479614257812 ],
				[ -28.999300003051758, 17.682600021362305, 298.2296142578125 ],
				[ 3.0265998840332031, -14.386599540710449, 333.793701171875 ],
				[ 5.2129001617431641, 15.506999969482422, 358.78079223632812 ],
				[ -26.812999725341797, 47.576198577880859, 323.21670532226562 ]
			],
			"projected_cuboid": [
				[ 1026.316162109375, 667.806396484375 ],
				[ 1118.6412353515625, 552.89202880859375 ],
				[ 1113.03076171875, 638.2457275390625 ],
				[ 1027.80419921875, 753.71282958984375 ],
				[ 866.6519775390625, 596.92010498046875 ],
				[ 968.70501708984375, 498.62368774414062 ],
				[ 973.9486083984375, 581.49249267578125 ],
				[ 880.36199951171875, 681.30810546875 ]
			]
		},
		{
			"class": "SM_Opened_Book",
			"instance_id": 0,
			"visibility": 1,
			"location": [ 73.977798461914062, -9.5655002593994141, 203.52070617675781 ],
			"quaternion_xyzw": [ 0.66460001468658447, 0.22789999842643738, -0.36829999089241028, 0.60890001058578491 ],
			"pose_transform": [
				[ -0.21199999749660492, -0.9771999716758728, 0.012799999676644802, 0 ],
				[ 0.62480002641677856, -0.14560000598430634, -0.76709997653961182, 0 ],
				[ -0.75150001049041748, 0.15469999611377716, -0.64139997959136963, 0 ],
				[ 73.977798461914062, -9.5655002593994141, 203.52070617675781, 1 ]
			],
			"cuboid_centroid": [ 73.977798461914062, -9.5655002593994141, 203.52070617675781 ],
			"projected_cuboid_centroid": [ 1308.9510498046875, 494.88009643554688 ],
			"bounding_box":
			{
				"top_left": [ 389.27911376953125, 1239.221435546875 ],
				"bottom_right": [ 589.08929443359375, 1389.961181640625 ]
			},
			"cuboid": [
				[ 75.395599365234375, -29.874500274658203, 192.92680358886719 ],
				[ 60.439300537109375, -26.388599395751953, 211.29150390625 ],
				[ 64.329200744628906, -27.189199447631836, 214.61149597167969 ],
				[ 79.285499572753906, -30.674999237060547, 196.24679565429688 ],
				[ 83.62640380859375, 8.0581998825073242, 192.42979431152344 ],
				[ 68.669998168945312, 11.544099807739258, 210.79460144042969 ],
				[ 72.55999755859375, 10.743499755859375, 214.114501953125 ],
				[ 87.51629638671875, 7.2576999664306641, 195.74980163574219 ]
			],
			"projected_cuboid": [
				[ 1335.1673583984375, 391.34530639648438 ],
				[ 1234.605224609375, 420.10379028320312 ],
				[ 1247.7578125, 418.37750244140625 ],
				[ 1347.849365234375, 389.94390869140625 ],
				[ 1377.1982421875, 580.2012939453125 ],
				[ 1272.7374267578125, 592.57421875 ],
				[ 1285.3289794921875, 588.16961669921875 ],
				[ 1389.1995849609375, 575.59332275390625 ]
			]
		},
		{
			"class": "SM_Cup",
			"instance_id": 0,
			"visibility": 0.56959998607635498,
			"location": [ 108.99549865722656, -36.006198883056641, 265.12149047851562 ],