{
	"camera_data":
	{
		"location_worldframe": [ 114.19529724121094, 234.26190185546875, 245 ],
		"quaternion_xyzw_worldframe": [ 0.28839999437332153, 0.18379999697208405, -0.83350002765655518, 0.43389999866485596 ]
	},
	"objects": [
		{
			"class": "SM_Sofa",
			"instance_id": 0,
			"visibility": 0.65310001373291016,
			"location": [ 57.721500396728516, -25.122699737548828, 357.54098510742188 ],
			"quaternion_xyzw": [ 0.18379999697208405, 0.83350002765655518, 0.28839999437332153, 0.43389999866485596 ],
			"pose_transform": [
				[ 0.82940000295639038, 0.321399986743927, -0.45699998736381531, 0 ],
				[ -0.555899977684021, 0.55669999122619629, -0.61729997396469116, 0 ],
				[ -0.056000001728534698, -0.76609998941421509, -0.64029997587203979, 0 ],
				[ 57.721500396728516, -25.122699737548828, 357.54098510742188, 1 ]
			],
			"cuboid_centroid": [ 57.721500396728516, -25.122699737548828, 357.54098510742188 ],
			"projected_cuboid_centroid": [ 1114.9827880859375, 472.54541015625 ],
			"bounding_box":
			{
				"top_left": [ 280.6990966796875, 772.43377685546875 ],
				"bottom_right": [ 779.0244140625, 1546.607177734375 ]
			},
			"cuboid": [
				[ 135.86259460449219, 14.843700408935547, 242.20730590820312 ],
				[ 191.4613037109375, -40.8302001953125, 303.948486328125 ],
				[ 195.81520080566406, 18.702699661254883, 353.71038818359375 ],
				[ 140.21650695800781, 74.376602172851562, 291.96920776367188 ],
				[ -80.372299194335938, -68.948097229003906, 361.3717041015625 ],
				[ -24.773599624633789, -124.62200164794922, 423.1129150390625 ],
				[ -20.419700622558594, -65.089103698730469, 472.87478637695312 ],
				[ -76.018402099609375, -9.4152002334594727, 411.13360595703125 ]
			],
			"projected_cuboid": [
				[ 1498.4984130859375, 598.83380126953125 ],
				[ 1564.7176513671875, 411.04071044921875 ],
				[ 1491.4593505859375, 590.76092529296875 ],
				[ 1421.0350341796875, 784.55181884765625 ],
				[ 746.48779296875, 356.83621215820312 ],
				[ 903.7916259765625, 257.24530029296875 ],
				[ 918.54559326171875, 407.86029052734375 ],
				[ 782.49700927734375, 518.015380859375 ]
			]
		},
		{
			"class": "SM_Armchair",
			"instance_id": 0,
			"visibility": 0.73470002412796021,
			"location": [ -183.36369323730469, -28.65730094909668, 370.25311279296875 ],
			"quaternion_xyzw": [ 0.34070000052452087, 0.1632000058889389, 0.029799999669194221, 0.9254000186920166 ],
			"pose_transform": [
				[ 0.32229998707771301, -0.62089997529983521, 0.71460002660751343, 0 ],
				[ 0.94499999284744263, 0.1664000004529953, -0.28169998526573181, 0 ],
				[ -0.056000001728534698, -0.76609998941421509, -0.64029997587203979, 0 ],
				[ -183.36369323730469, -28.65730094909668, 370.25311279296875, 1 ]
			],
			"cuboid_centroid": [ -183.36369323730469, -28.65730094909668, 370.25311279296875 ],
			"projected_cuboid_centroid": [ 484.57101440429688, 465.69650268554688 ],
			"bounding_box":
			{
				"top_left": [ 325.9525146484375, 283.3485107421875 ],
				"bottom_right": [ 618.41448974609375, 651.29962158203125 ]
			},
			"cuboid": [
				[ -131.88909912109375, -75.705299377441406, 358.98519897460938 ],
				[ -215.02749633789062, -90.340797424316406, 383.768798828125 ],
				[ -210.50369262695312, -28.485300064086914, 435.47210693359375 ],
				[ -127.36530303955078, -13.849699974060059, 410.68850708007812 ],
				[ -156.22390747070312, -28.829399108886719, 305.03408813476562 ],
				[ -239.36219787597656, -43.464900970458984, 329.81768798828125 ],
				[ -234.8385009765625, 18.390600204467773, 381.52090454101562 ],
				[ -151.70010375976562, 33.026100158691406, 356.73739624023438 ]
			],
			"projected_cuboid": [
				[ 607.302001953125, 337.54849243164062 ],
				[ 422.1077880859375, 314.01168823242188 ],
				[ 495.9442138671875, 477.20388793945312 ],
				[ 662.27911376953125, 507.6256103515625 ],
				[ 468.33450317382812, 449.268310546875 ],
				[ 263.28900146484375, 413.48638916015625 ],
				[ 369.08938598632812, 586.27508544921875 ],
				[ 551.7672119140625, 628.875 ]
			]
		},
		{
			"class": "SM_Coffe_Table_2",
			"instance_id": 0,
			"visibility": 0.92779999971389771,
			"location": [ 26.411399841308594, 35.238498687744141, 303.73519897460938 ],
			"quaternion_xyzw": [ 0.18379999697208405, 0.83350002765655518, 0.28839999437332153, 0.43389999866485596 ],
			"pose_transform": [
				[ 0.82940000295639038, 0.321399986743927, -0.45699998736381531, 0 ],
				[ -0.555899977684021, 0.55669999122619629, -0.61729997396469116, 0 ],
				[ -0.056000001728534698, -0.76609998941421509, -0.64029997587203979, 0 ],
				[ 26.411399841308594, 35.238498687744141, 303.73519897460938, 1 ]
			],
			"cuboid_centroid": [ 26.411399841308594, 35.238498687744141, 303.73519897460938 ],
			"projected_cuboid_centroid": [ 1043.4775390625, 651.37640380859375 ],
			"bounding_box":
			{
				"top_left": [ 540.8560791015625, 942.82318115234375 ],
				"bottom_right": [ 764.101806640625, 1148.194580078125 ]
			},
			"cuboid": [
				[ 33.196201324462891, 45.584098815917969, 260.29360961914062 ],
				[ 65.222099304199219, 13.514900207519531, 295.85760498046875 ],
				[ 67.408302307128906, 43.408500671386719, 320.84490966796875 ],
				[ 35.382499694824219, 75.477699279785156, 285.28079223632812 ],
				[ -14.58549976348877, 27.068500518798828, 286.62548828125 ],
				[ 17.440399169921875, -5.0006999969482422, 322.18960571289062 ],
				[ 19.62660026550293, 24.892900466918945, 347.17678833007812 ],
				[ -12.399200439453125, 56.962100982666016, 311.61270141601562 ]
			],
			"projected_cuboid": [
				[ 1082.4326171875, 708.12060546875 ],
				[ 1171.6331787109375, 583.85308837890625 ],
				[ 1161.6929931640625, 669.88250732421875 ],
				[ 1079.0660400390625, 793.99029541015625 ],
				[ 911.14898681640625, 630.660888671875 ],
				[ 1011.9660034179688, 525.09979248046875 ],
				[ 1014.2711791992188, 608.83282470703125 ],
				[ 921.8013916015625, 715.4857177734375 ]
			]
		},
		{
			"class": "SM_Opened_Book",
			"instance_id": 0,
			"visibility": 1,
			"location": [ -65.204902648925781, -21.272100448608398, 261.3411865234375 ],
			"quaternion_xyzw": [ 0.23360000550746918, 0.50999999046325684, -0.82679998874664307, -0.040899999439716339 ],
			"pose_transform": [
				[ -0.42809998989105225, -0.82419997453689575, 0.37070000171661377, 0 ],
				[ -0.88749998807907104, 0.3059999942779541, -0.34459999203681946, 0 ],
				[ -0.17059999704360962, 0.476500004529953, 0.86250001192092896, 0 ],
				[ -65.204902648925781, -21.272100448608398, 261.3411865234375, 1 ]
			],
			"cuboid_centroid": [ -65.204902648925781, -21.272100448608398, 261.3411865234375 ],
			"projected_cuboid_centroid": [ 720.4794921875, 461.85980224609375 ],
			"bounding_box":
			{
				"top_left": [ 389.75399780273438, 652.93548583984375 ],
				"bottom_right": [ 530.3759765625, 788.64288330078125 ]
			},
			"cuboid": [
				[ -84.578300476074219, -32.373798370361328, 266.64401245117188 ],
				[ -63.332000732421875, -39.698799133300781, 274.89279174804688 ],
				[ -62.449001312255859, -42.165298461914062, 270.42840576171875 ],
				[ -83.695396423339844, -34.840301513671875, 262.17950439453125 ],
				[ -67.960700988769531, -0.37900000810623169, 252.25390625 ],
				[ -46.714401245117188, -7.7039999961853027, 260.5028076171875 ],
				[ -45.831401824951172, -10.170499801635742, 256.03829956054688 ],
				[ -67.077796936035156, -2.8454999923706055, 247.78950500488281 ]
			],
			"projected_cuboid": [
				[ 655.49261474609375, 423.44448852539062 ],
				[ 738.828125, 401.3612060546875 ],
				[ 738.31121826171875, 390.31640625 ],
				[ 653.5404052734375, 412.42831420898438 ],
				[ 701.36309814453125, 538.55767822265625 ],
				[ 787.8494873046875, 511.6094970703125 ],
				[ 788.158203125, 501.86639404296875 ],
				[ 700.1239013671875, 528.975830078125 ]
			]
		},
		{
			"class": "SM_Cup",
			"instance_id": 0,
			"visibility": 0,
			"location": [ 33.301601409912109, 3.1375000476837158, 333.70541381835938 ],