{
	"camera_data":
	{
		"location_worldframe": [ 114.19529724121094, 234.26190185546875, 245 ],
		"quaternion_xyzw_worldframe": [ 0.28839999437332153, 0.18379999697208405, -0.83350002765655518, 0.43389999866485596 ]
	},
	"objects": [
		{
			"class": "SM_Sofa",
			"instance_id": 0,
			"visibility": 0.63270002603530884,
			"location": [ 57.721500396728516, -25.122699737548828, 357.54098510742188 ],
			"quaternion_xyzw": [ 0.18379999697208405, 0.83350002765655518, 0.28839999437332153, 0.43389999866485596 ],
			"pose_transform": [
				[ 0.82940000295639038, 0.321399986743927, -0.45699998736381531, 0 ],
				[ -0.555899977684021, 0.55669999122619629, -0.61729997396469116, 0 ],
				[ -0.056000001728534698, -0.76609998941421509, -0.64029997587203979, 0 ],
				[ 57.721500396728516, -25.122699737548828, 357.54098510742188, 1 ]
			],
			"cuboid_centroid": [ 57.721500396728516, -25.122699737548828, 357.54098510742188 ],
			"projected_cuboid_centroid": [ 1114.9827880859375, 472.54541015625 ],
			"bounding_box":
			{
				"top_left": [ 280.6990966796875, 772.43377685546875 ],
				"bottom_right": [ 779.0244140625, 1546.607177734375 ]
			},
			"cuboid": [
				[ 135.86259460449219, 14.843700408935547, 242.20730590820312 ],
				[ 191.4613037109375, -40.8302001953125, 303.948486328125 ],
				[ 195.81520080566406, 18.702699661254883, 353.71038818359375 ],
				[ 140.21650695800781, 74.376602172851562, 291.96920776367188 ],
				[ -80.372299194335938, -68.948097229003906, 361.3717041015625 ],
				[ -24.773599624633789, -124.62200164794922, 423.1129150390625 ],
				[ -20.419700622558594, -65.089103698730469, 472.87478637695312 ],
				[ -76.018402099609375, -9.4152002334594727, 411.13360595703125 ]
			],
			"projected_cuboid": [
				[ 1498.4984130859375, 598.83380126953125 ],
				[ 1564.7176513671875, 411.04071044921875 ],
				[ 1491.4593505859375, 590.76092529296875 ],
				[ 1421.0350341796875, 784.55181884765625 ],
				[ 746.48779296875, 356.83621215820312 ],
				[ 903.7916259765625, 257.24530029296875 ],
				[ 918.54559326171875, 407.86029052734375 ],
				[ 782.49700927734375, 518.015380859375 ]
			]
		},
		{
			"class": "SM_Armchair",
			"instance_id": 0,
			"visibility": 0.74489998817443848,
			"location": [ -188.25770568847656, -26.446199417114258, 368.00491333007812 ],
			"quaternion_xyzw": [ 0.34070000052452087, 0.1632000058889389, 0.029799999669194221, 0.9254000186920166 ],
			"pose_transform": [
				[ 0.32229998707771301, -0.62089997529983521, 0.71460002660751343, 0 ],
				[ 0.94499999284744263, 0.1664000004529953, -0.28169998526573181, 0 ],
				[ -0.056000001728534698, -0.76609998941421509, -0.64029997587203979, 0 ],
				[ -188.25770568847656, -26.446199417114258, 368.00491333007812, 1 ]
			],
			"cuboid_centroid": [ -188.25770568847656, -26.446199417114258, 368.00491333007812 ],
			"projected_cuboid_centroid": [ 468.89990234375, 471.01071166992188 ],
			"bounding_box":
			{
				"top_left": [ 330.35470581054688, 264.64340209960938 ],
				"bottom_right": [ 624.84820556640625, 637.853271484375 ]
			},
			"cuboid": [
				[ -136.78300476074219, -73.494102478027344, 356.73699951171875 ],
				[ -219.92140197753906, -88.12969970703125, 381.52059936523438 ],
				[ -215.39759826660156, -26.274099349975586, 433.22390747070312 ],
				[ -132.25920104980469, -11.63860034942627, 408.4403076171875 ],
				[ -161.1177978515625, -26.618200302124023, 302.785888671875 ],
				[ -244.25619506835938, -41.253799438476562, 327.56948852539062 ],
				[ -239.7322998046875, 20.601699829101562, 379.27279663085938 ],
				[ -156.593994140625, 35.237300872802734, 354.48919677734375 ]
			],
			"projected_cuboid": [
				[ 591.909423828125, 342.222900390625 ],
				[ 406.6239013671875, 318.24380493164062 ],
				[ 482.69131469726562, 481.77789306640625 ],
				[ 649.1376953125, 512.64447021484375 ],
				[ 449.16738891601562, 455.60519409179688 ],
				[ 244.16490173339844, 419.09829711914062 ],
				[ 353.19949340820312, 592.1461181640625 ],
				[ 535.9248046875, 635.42681884765625 ]
			]
		},
		{
			"class": "SM_Coffe_Table_2",
			"instance_id": 0,
			"visibility": 0.92779999971389771,
			"location": [ 31.451900482177734, 36.480201721191406, 301.87271118164062 ],
			"quaternion_xyzw": [ 0.18379999697208405, 0.83350002765655518, 0.28839999437332153, 0.43389999866485596 ],
			"pose_transform": [
				[ 0.82940000295639038, 0.321399986743927, -0.45699998736381531, 0 ],
				[ -0.555899977684021, 0.55669999122619629, -0.61729997396469116, 0 ],
				[ -0.056000001728534698, -0.76609998941421509, -0.64029997587203979, 0 ],
				[ 31.451900482177734, 36.480201721191406, 301.87271118164062, 1 ]
			],
			"cuboid_centroid": [ 31.451900482177734, 36.480201721191406, 301.87271118164062 ],
			"projected_cuboid_centroid": [ 1060.022216796875, 656.0123291015625 ],
			"bounding_box":
			{
				"top_left": [ 544.674072265625, 959.10980224609375 ],
				"bottom_right": [ 769.610107421875, 1166.4993896484375 ]
			},
			"cuboid": [
				[ 38.236698150634766, 46.825698852539062, 258.43109130859375 ],
				[ 70.262496948242188, 14.756500244140625, 293.99520874023438 ],
				[ 72.448799133300781, 44.650199890136719, 318.98239135742188 ],
				[ 40.422901153564453, 76.71929931640625, 283.41830444335938 ],
				[ -9.5450000762939453, 28.310199737548828, 284.76300048828125 ],
				[ 22.480800628662109, -3.7590000629425049, 320.32708740234375 ],
				[ 24.66710090637207, 26.134599685668945, 345.31430053710938 ],
				[ -7.358799934387207, 58.203800201416016, 309.75030517578125 ]
			],
			"projected_cuboid": [
				[ 1102.0391845703125, 713.9447021484375 ],
				[ 1189.4327392578125, 588.18548583984375 ],
				[ 1178.0400390625, 674.3778076171875 ],
				[ 1096.921630859375, 799.86529541015625 ],
				[ 927.822021484375, 635.43988037109375 ],
				[ 1027.3740234375, 528.734375 ],
				[ 1028.5767822265625, 612.6561279296875 ],
				[ 937.193603515625, 720.38922119140625 ]
			]
		},
		{
			"class": "SM_Opened_Book",
			"instance_id": 0,
			"visibility": 0.62339997291564941,
			"location": [ 113.65039825439453, 73.247901916503906, 228.13459777832031 ],
			"quaternion_xyzw": [ -0.48649999499320984, -0.36700001358985901, -0.47819998860359192, 0.63239997625350952 ],
			"pose_transform": [
				[ 0.0010999999940395355, 0.96630001068115234, 0.2572999894618988, 0 ],
				[ 0.27340000867843628, -0.24779999256134033, 0.92949998378753662, 0 ],
				[ -0.96189999580383301, -0.069300003349781036, 0.26440000534057617, 0 ],
				[ 113.65039825439453, 73.247901916503906, 228.13459777832031, 1 ]
			],
			"cuboid_centroid": [ 113.65039825439453, 73.247901916503906, 228.13459777832031 ],
			"projected_cuboid_centroid": [ 1438.2459716796875, 848.230224609375 ],
			"bounding_box":
			{
				"top_left": [ 751.6873779296875, 1410.641357421875 ],
				"bottom_right": [ 953.43878173828125, 1473.28076171875 ]
			},
			"cuboid": [
				[ 114.45429992675781, 88.858901977539062, 244.93769836425781 ],
				[ 107.90969848632812, 94.790000915527344, 222.68699645996094 ],
				[ 112.88890075683594, 95.1488037109375, 221.31809997558594 ],
				[ 119.43350219726562, 89.217697143554688, 243.56889343261719 ],
				[ 114.41200256347656, 51.346900939941406, 234.95109558105469 ],
				[ 107.86730194091797, 57.277999877929688, 212.70030212402344 ],
				[ 112.84649658203125, 57.636798858642578, 211.33149719238281 ],
				[ 119.39109802246094, 51.705699920654297, 233.58219909667969 ]
			],
			"projected_cuboid": [
				[ 1408.58837890625, 888.2703857421875 ],
				[ 1425.1973876953125, 948.63818359375 ],
				[ 1449.672607421875, 952.72198486328125 ],
				[ 1430.7342529296875, 891.64178466796875 ],
				[ 1427.4825439453125, 749.8013916015625 ],
				[ 1446.8480224609375, 798.518310546875 ],
				[ 1472.6199951171875, 801.82281494140625 ],
				[ 1450.68603515625, 752.5054931640625 ]
			]
		},
		{
			"class": "SM_Cup",
			"instance_id": 0,
			"visibility": 1,
			"location": [ -27.376699447631836, -55.948001861572266, 250.93370056152344 ],