{
	"camera_data":
	{
		"location_worldframe": [ 114.19529724121094, 234.26190185546875, 245 ],
		"quaternion_xyzw_worldframe": [ 0.28839999437332153, 0.18379999697208405, -0.83350002765655518, 0.43389999866485596 ]
	},
	"objects": [
		{
			"class": "SM_Sofa",
			"instance_id": 0,
			"visibility": 0.64289999008178711,
			"location": [ 57.721500396728516, -25.122699737548828, 357.54098510742188 ],
			"quaternion_xyzw": [ 0.18379999697208405, 0.83350002765655518, 0.28839999437332153, 0.43389999866485596 ],
			"pose_transform": [
				[ 0.82940000295639038, 0.321399986743927, -0.45699998736381531, 0 ],
				[ -0.555899977684021, 0.55669999122619629, -0.61729997396469116, 0 ],
				[ -0.056000001728534698, -0.76609998941421509, -0.64029997587203979, 0 ],
				[ 57.721500396728516, -25.122699737548828, 357.54098510742188, 1 ]
			],
			"cuboid_centroid": [ 57.721500396728516, -25.122699737548828, 357.54098510742188 ],
			"projected_cuboid_centroid": [ 1114.9827880859375, 472.54541015625 ],
			"bounding_box":
			{
				"top_left": [ 280.6990966796875, 772.43377685546875 ],
				"bottom_right": [ 779.0244140625, 1546.607177734375 ]
			},
			"cuboid": [
				[ 135.86259460449219, 14.843700408935547, 242.20730590820312 ],
				[ 191.4613037109375, -40.8302001953125, 303.948486328125 ],
				[ 195.81520080566406, 18.702699661254883, 353.71038818359375 ],
				[ 140.21650695800781, 74.376602172851562, 291.96920776367188 ],
				[ -80.372299194335938, -68.948097229003906, 361.3717041015625 ],
				[ -24.773599624633789, -124.62200164794922, 423.1129150390625 ],
				[ -20.419700622558594, -65.089103698730469, 472.87478637695312 ],
				[ -76.018402099609375, -9.4152002334594727, 411.13360595703125 ]
			],
			"projected_cuboid": [
				[ 1498.4984130859375, 598.83380126953125 ],
				[ 1564.7176513671875, 411.04071044921875 ],
				[ 1491.4593505859375, 590.76092529296875 ],
				[ 1421.0350341796875, 784.55181884765625 ],
				[ 746.48779296875, 356.83621215820312 ],
				[ 903.7916259765625, 257.24530029296875 ],
				[ 918.54559326171875, 407.86029052734375 ],
				[ 782.49700927734375, 518.015380859375 ]
			]
		},
		{
			"class": "SM_Armchair",
			"instance_id": 0,
			"visibility": 0.72729998826980591,
			"location": [ -190.75889587402344, -13.750699996948242, 353.5531005859375 ],
			"quaternion_xyzw": [ 0.34070000052452087, 0.1632000058889389, 0.029799999669194221, 0.9254000186920166 ],
			"pose_transform": [
				[ 0.32229998707771301, -0.62089997529983521, 0.71460002660751343, 0 ],
				[ 0.94499999284744263, 0.1664000004529953, -0.28169998526573181, 0 ],
				[ -0.056000001728534698, -0.76609998941421509, -0.64029997587203979, 0 ],
				[ -190.75889587402344, -13.750699996948242, 353.5531005859375, 1 ]
			],
			"cuboid_centroid": [ -190.75889587402344, -13.750699996948242, 353.5531005859375 ],
			"projected_cuboid_centroid": [ 442.03439331054688, 502.66268920898438 ],
			"bounding_box":
			{
				"top_left": [ 355.9053955078125, 225.49710083007812 ],
				"bottom_right": [ 663.968994140625, 619.69720458984375 ]
			},
			"cuboid": [
				[ -139.28419494628906, -60.798599243164062, 342.28518676757812 ],
				[ -222.422607421875, -75.434196472167969, 367.06878662109375 ],
				[ -217.8988037109375, -13.578700065612793, 418.7720947265625 ],
				[ -134.76040649414062, 1.0569000244140625, 393.98849487304688 ],
				[ -163.61900329589844, -13.922800064086914, 288.3341064453125 ],
				[ -246.75729370117188, -28.558300018310547, 313.11770629882812 ],
				[ -242.23359680175781, 33.297199249267578, 364.82101440429688 ],
				[ -159.0950927734375, 47.93280029296875, 340.03741455078125 ]
			],
			"projected_cuboid": [
				[ 569.35321044921875, 369.47930908203125 ],
				[ 378.29568481445312, 342.71578979492188 ],
				[ 460.48568725585938, 508.87188720703125 ],
				[ 631.640625, 542.5751953125 ],
				[ 415.23599243164062, 493.6444091796875 ],
				[ 203.4573974609375, 452.44180297851562 ],
				[ 322.58029174804688, 627.6190185546875 ],
				[ 510.83999633789062, 675.3245849609375 ]
			]
		},
		{
			"class": "SM_Coffe_Table_2",
			"instance_id": 0,
			"visibility": 0.92779999971389771,
			"location": [ 3.9203000068664551, 22.407100677490234, 320.58151245117188 ],
			"quaternion_xyzw": [ 0.18379999697208405, 0.83350002765655518, 0.28839999437332153, 0.43389999866485596 ],
			"pose_transform": [
				[ 0.82940000295639038, 0.321399986743927, -0.45699998736381531, 0 ],
				[ -0.555899977684021, 0.55669999122619629, -0.61729997396469116, 0 ],
				[ -0.056000001728534698, -0.76609998941421509, -0.64029997587203979, 0 ],
				[ 3.9203000068664551, 22.407100677490234, 320.58151245117188, 1 ]
			],
			"cuboid_centroid": [ 3.9203000068664551, 22.407100677490234, 320.58151245117188 ],
			"projected_cuboid_centroid": [ 971.74017333984375, 607.0994873046875 ],
			"bounding_box":
			{
				"top_left": [ 503.63619995117188, 874.9495849609375 ],
				"bottom_right": [ 712.335693359375, 1066.2568359375 ]
			},
			"cuboid": [
				[ 10.705100059509277, 32.752700805664062, 277.13980102539062 ],
				[ 42.730998992919922, 0.68349999189376831, 312.70388793945312 ],
				[ 44.917301177978516, 30.57710075378418, 337.69110107421875 ],
				[ 12.891400337219238, 62.64630126953125, 302.12710571289062 ],
				[ -37.07659912109375, 14.237199783325195, 303.4718017578125 ],
				[ -5.0507001876831055, -17.832000732421875, 339.035888671875 ],
				[ -2.8643999099731445, 12.061599731445312, 364.02310180664062 ],
				[ -34.890300750732422, 44.13079833984375, 328.45901489257812 ]
			],
			"projected_cuboid": [
				[ 997.0823974609375, 653.4539794921875 ],
				[ 1091.1844482421875, 542.0985107421875 ],
				[ 1087.692626953125, 626.92578125 ],
				[ 1000.96240234375, 739.0570068359375 ],
				[ 842.71258544921875, 585.03759765625 ],
				[ 945.698974609375, 489.50750732421875 ],
				[ 952.44622802734375, 571.8087158203125 ],
				[ 858.0250244140625, 668.98272705078125 ]
			]
		},
		{
			"class": "SM_Cup",
			"instance_id": 0,
			"visibility": 1,
			"location": [ 33.153999328613281, -15.724499702453613, 187.87890625 ],
			"quaternion_xyzw": [ 0.34700000286102295, 0.64079999923706055, -0.64709997177124023, 0.22409999370574951 ],
			"pose_transform": [
				[ -0.16189999878406525, -0.98489999771118164, -0.061999998986721039, 0 ],
				[ -0.65880000591278076, 0.15459999442100525, -0.73629999160766602, 0 ],
				[ -0.73470002412796021, 0.078400000929832458, 0.67379999160766602, 0 ],
				[ 33.153999328613281, -15.724499702453613, 187.87890625, 1 ]
			],
			"cuboid_centroid": [ 33.153999328613281, -15.724499702453613, 187.87890625 ],
			"projected_cuboid_centroid": [ 1129.4066162109375, 459.65289306640625 ],
			"bounding_box":
			{
				"top_left": [ 416.62258911132812, 1101.146240234375 ],
				"bottom_right": [ 501.68899536132812, 1164.5103759765625 ]
			},
			"cuboid": [
				[ 24.448299407958984, -21.995500564575195, 183.69650268554688 ],
				[ 34.783901214599609, -24.421600341796875, 195.24839782714844 ],
				[ 39.319599151611328, -24.905399322509766, 191.08869934082031 ],
				[ 28.983999252319336, -22.47920036315918, 179.53680419921875 ],
				[ 26.988399505615234, -6.5437002182006836, 184.66909790039062 ],
				[ 37.323898315429688, -8.9697999954223633, 196.22099304199219 ],
				[ 41.859600067138672, -9.4535999298095703, 192.06129455566406 ],
				[ 31.524099349975586, -7.027400016784668, 180.5093994140625 ]
			],
			"projected_cuboid": [
				[ 1087.767822265625, 425.05160522460938 ],
				[ 1131.0262451171875, 419.92361450195312 ],
				[ 1157.5357666015625, 414.87930297851562 ],
				[ 1114.9808349609375, 419.80160522460938 ],
				[ 1100.2991943359375, 505.9827880859375 ],
				[ 1142.6053466796875, 496.11569213867188 ],
				[ 1169.2318115234375, 492.74710083007812 ],
				[ 1127.6544189453125, 502.6260986328125 ]
			]
		},
		{
			"class": "SM_Coffe_Table_2",
			"instance_id": 0,
			"visibility": 0.48390001058578491,
			"location": [ -148.27139282226562, 13.308500289916992, 317.58810424804688 ],