{
	"camera_data":
	{
		"location_worldframe": [ 114.19529724121094, 234.26190185546875, 245 ],
		"quaternion_xyzw_worldframe": [ 0.28839999437332153, 0.18379999697208405, -0.83350002765655518, 0.43389999866485596 ]
	},
	"objects": [
		{
			"class": "SM_Sofa",
			"instance_id": 0,
			"visibility": 0.65310001373291016,
			"location": [ 57.721500396728516, -25.122699737548828, 357.54098510742188 ],
			"quaternion_xyzw": [ 0.18379999697208405, 0.83350002765655518, 0.28839999437332153, 0.43389999866485596 ],
			"pose_transform": [
				[ 0.82940000295639038, 0.321399986743927, -0.45699998736381531, 0 ],
				[ -0.555899977684021, 0.55669999122619629, -0.61729997396469116, 0 ],
				[ -0.056000001728534698, -0.76609998941421509, -0.64029997587203979, 0 ],
				[ 57.721500396728516, -25.122699737548828, 357.54098510742188, 1 ]
			],
			"cuboid_centroid": [ 57.721500396728516, -25.122699737548828, 357.54098510742188 ],
			"projected_cuboid_centroid": [ 1114.9827880859375, 472.54541015625 ],
			"bounding_box":
			{
				"top_left": [ 280.6990966796875, 772.43377685546875 ],
				"bottom_right": [ 779.0244140625, 1546.607177734375 ]
			},
			"cuboid": [
				[ 135.86259460449219, 14.843700408935547, 242.20730590820312 ],
				[ 191.4613037109375, -40.8302001953125, 303.948486328125 ],
				[ 195.81520080566406, 18.702699661254883, 353.71038818359375 ],
				[ 140.21650695800781, 74.376602172851562, 291.96920776367188 ],
				[ -80.372299194335938, -68.948097229003906, 361.3717041015625 ],
				[ -24.773599624633789, -124.62200164794922, 423.1129150390625 ],
				[ -20.419700622558594, -65.089103698730469, 472.87478637695312 ],
				[ -76.018402099609375, -9.4152002334594727, 411.13360595703125 ]
			],
			"projected_cuboid": [
				[ 1498.4984130859375, 598.83380126953125 ],
				[ 1564.7176513671875, 411.04071044921875 ],
				[ 1491.4593505859375, 590.76092529296875 ],
				[ 1421.0350341796875, 784.55181884765625 ],
				[ 746.48779296875, 356.83621215820312 ],
				[ 903.7916259765625, 257.24530029296875 ],
				[ 918.54559326171875, 407.86029052734375 ],
				[ 782.49700927734375, 518.015380859375 ]
			]
		},
		{
			"class": "SM_Armchair",
			"instance_id": 0,
			"visibility": 0.95920002460479736,
			"location": [ -183.48800659179688, -27.471200942993164, 368.80868530273438 ],
			"quaternion_xyzw": [ 0.34070000052452087, 0.1632000058889389, 0.029799999669194221, 0.9254000186920166 ],
			"pose_transform": [
				[ 0.32229998707771301, -0.62089997529983521, 0.71460002660751343, 0 ],
				[ 0.94499999284744263, 0.1664000004529953, -0.28169998526573181, 0 ],
				[ -0.056000001728534698, -0.76609998941421509, -0.64029997587203979, 0 ],
				[ -183.48800659179688, -27.471200942993164, 368.80868530273438, 1 ]
			],
			"cuboid_centroid": [ -183.48800659179688, -27.471200942993164, 368.80868530273438 ],
			"projected_cuboid_centroid": [ 482.38558959960938, 468.49310302734375 ],
			"bounding_box":
			{
				"top_left": [ 328.17239379882812, 280.05828857421875 ],
				"bottom_right": [ 621.91021728515625, 649.89312744140625 ]
			},
			"cuboid": [
				[ -132.0133056640625, -74.519096374511719, 357.54080200195312 ],
				[ -215.15179443359375, -89.154701232910156, 382.32440185546875 ],
				[ -210.62789916992188, -27.299200057983398, 434.0277099609375 ],
				[ -127.48960113525391, -12.663599967956543, 409.24411010742188 ],
				[ -156.34809875488281, -27.643199920654297, 303.58969116210938 ],
				[ -239.48649597167969, -42.278800964355469, 328.373291015625 ],
				[ -234.96270751953125, 19.576700210571289, 380.07659912109375 ],
				[ -151.82429504394531, 34.212299346923828, 355.29299926757812 ]
			],
			"projected_cuboid": [
				[ 605.54351806640625, 339.9154052734375 ],
				[ 419.76370239257812, 316.13629150390625 ],
				[ 494.12490844726562, 479.61849975585938 ],
				[ 660.9368896484375, 510.29379272460938 ],
				[ 465.60220336914062, 452.58749389648438 ],
				[ 259.8612060546875, 416.397705078125 ],
				[ 366.5299072265625, 589.4468994140625 ],
				[ 549.771728515625, 632.44140625 ]
			]
		},
		{
			"class": "SM_Coffe_Table_2",
			"instance_id": 0,
			"visibility": 0.92779999971389771,
			"location": [ 31.257900238037109, 36.446998596191406, 301.92819213867188 ],
			"quaternion_xyzw": [ 0.18379999697208405, 0.83350002765655518, 0.28839999437332153, 0.43389999866485596 ],
			"pose_transform": [
				[ 0.82940000295639038, 0.321399986743927, -0.45699998736381531, 0 ],
				[ -0.555899977684021, 0.55669999122619629, -0.61729997396469116, 0 ],
				[ -0.056000001728534698, -0.76609998941421509, -0.64029997587203979, 0 ],
				[ 31.257900238037109, 36.446998596191406, 301.92819213867188, 1 ]
			],
			"cuboid_centroid": [ 31.257900238037109, 36.446998596191406, 301.92819213867188 ],
			"projected_cuboid_centroid": [ 1059.3868408203125, 655.8856201171875 ],
			"bounding_box":
			{
				"top_left": [ 544.57159423828125, 958.47918701171875 ],
				"bottom_right": [ 769.45770263671875, 1165.80224609375 ]
			},
			"cuboid": [
				[ 38.042701721191406, 46.792598724365234, 258.48660278320312 ],
				[ 70.068603515625, 14.723400115966797, 294.05068969726562 ],
				[ 72.254798889160156, 44.617000579833984, 319.03790283203125 ],
				[ 40.229000091552734, 76.686203002929688, 283.47378540039062 ],
				[ -9.7390003204345703, 28.277000427246094, 284.818603515625 ],
				[ 22.286899566650391, -3.7922000885009766, 320.38259887695312 ],
				[ 24.473100662231445, 26.101400375366211, 345.36981201171875 ],
				[ -7.5527000427246094, 58.170600891113281, 309.8057861328125 ]
			],
			"projected_cuboid": [
				[ 1101.2882080078125, 713.7843017578125 ],
				[ 1188.7562255859375, 588.06817626953125 ],
				[ 1177.4185791015625, 674.25469970703125 ],
				[ 1096.238037109375, 799.70220947265625 ],
				[ 927.17437744140625, 635.30950927734375 ],
				[ 1026.78125, 528.63702392578125 ],
				[ 1028.026611328125, 612.55230712890625 ],
				[ 936.59661865234375, 720.25421142578125 ]
			]
		},
		{
			"class": "SM_Opened_Book",
			"instance_id": 0,
			"visibility": 0.87040001153945923,
			"location": [ 125.65450286865234, 46.687400817871094, 233.53300476074219 ],
			"quaternion_xyzw": [ 0.57499998807907104, -0.14169999957084656, 0.51880002021789551, 0.61659997701644897 ],
			"pose_transform": [
				[ 0.42190000414848328, -0.85610002279281616, 0.29859998822212219, 0 ],
				[ 0.42160001397132874, 0.47679999470710754, 0.77130001783370972, 0 ],
				[ 0.80260002613067627, 0.19949999451637268, -0.56209999322891235, 0 ],
				[ 125.65450286865234, 46.687400817871094, 233.53300476074219, 1 ]
			],
			"cuboid_centroid": [ 125.65450286865234, 46.6875, 233.53300476074219 ],
			"projected_cuboid_centroid": [ 1476.5369873046875, 731.92138671875 ],
			"bounding_box":
			{
				"top_left": [ 638.24639892578125, 1440.9715576171875 ],
				"bottom_right": [ 817.01593017578125, 1505.0206298828125 ]
			},
			"cuboid": [
				[ 140.9674072265625, 36.295700073242188, 247.10589599609375 ],
				[ 130.87379455566406, 24.880800247192383, 228.64169311523438 ],
				[ 126.71900177001953, 23.848100662231445, 231.55140686035156 ],
				[ 136.81260681152344, 35.26300048828125, 250.01559448242188 ],
				[ 124.58999633789062, 69.526802062988281, 235.51460266113281 ],
				[ 114.49639892578125, 58.111900329589844, 217.05039978027344 ],
				[ 110.34169769287109, 57.079200744628906, 219.96009826660156 ],
				[ 120.43520355224609, 68.494102478027344, 238.42430114746094 ]
			],
			"projected_cuboid": [
				[ 1507.65478515625, 681.00799560546875 ],
				[ 1509.5013427734375, 644.4674072265625 ],
				[ 1485.370849609375, 638.87310791015625 ],
				[ 1485.3280029296875, 675.401611328125 ],
				[ 1467.8514404296875, 823.40386962890625 ],
				[ 1466.410400390625, 797.02520751953125 ],
				[ 1441.57861328125, 789.1182861328125 ],
				[ 1444.9248046875, 815.78729248046875 ]
			]
		},
		{
			"class": "SM_Cup",
			"instance_id": 0,
			"visibility": 0,
			"location": [ 166.99380493164062, 84.758499145507812, 292.21969604492188 ],