{
	"camera_data":
	{
		"location_worldframe": [ 114.19529724121094, 234.26190185546875, 245 ],
		"quaternion_xyzw_worldframe": [ 0.28839999437332153, 0.18379999697208405, -0.83350002765655518, 0.43389999866485596 ]
	},
	"objects": [
		{
			"class": "SM_Sofa",
			"instance_id": 0,
			"visibility": 0.63270002603530884,
			"location": [ 57.721500396728516, -25.122699737548828, 357.54098510742188 ],
			"quaternion_xyzw": [ 0.18379999697208405, 0.83350002765655518, 0.28839999437332153, 0.43389999866485596 ],
			"pose_transform": [
				[ 0.82940000295639038, 0.321399986743927, -0.45699998736381531, 0 ],
				[ -0.555899977684021, 0.55669999122619629, -0.61729997396469116, 0 ],
				[ -0.056000001728534698, -0.76609998941421509, -0.64029997587203979, 0 ],
				[ 57.721500396728516, -25.122699737548828, 357.54098510742188, 1 ]
			],
			"cuboid_centroid": [ 57.721500396728516, -25.122699737548828, 357.54098510742188 ],
			"projected_cuboid_centroid": [ 1114.9827880859375, 472.54541015625 ],
			"bounding_box":
			{
				"top_left": [ 280.6990966796875, 772.43377685546875 ],
				"bottom_right": [ 779.0244140625, 1546.607177734375 ]
			},
			"cuboid": [
				[ 135.86259460449219, 14.843700408935547, 242.20730590820312 ],
				[ 191.4613037109375, -40.8302001953125, 303.948486328125 ],
				[ 195.81520080566406, 18.702699661254883, 353.71038818359375 ],
				[ 140.21650695800781, 74.376602172851562, 291.96920776367188 ],
				[ -80.372299194335938, -68.948097229003906, 361.3717041015625 ],
				[ -24.773599624633789, -124.62200164794922, 423.1129150390625 ],
				[ -20.419700622558594, -65.089103698730469, 472.87478637695312 ],
				[ -76.018402099609375, -9.4152002334594727, 411.13360595703125 ]
			],
			"projected_cuboid": [
				[ 1498.4984130859375, 598.83380126953125 ],
				[ 1564.7176513671875, 411.04071044921875 ],
				[ 1491.4593505859375, 590.76092529296875 ],
				[ 1421.0350341796875, 784.55181884765625 ],
				[ 746.48779296875, 356.83621215820312 ],
				[ 903.7916259765625, 257.24530029296875 ],
				[ 918.54559326171875, 407.86029052734375 ],
				[ 782.49700927734375, 518.015380859375 ]
			]
		},
		{
			"class": "SM_Armchair",
			"instance_id": 0,
			"visibility": 0.89899998903274536,
			"location": [ -187.36030578613281, -27.453500747680664, 368.96340942382812 ],
			"quaternion_xyzw": [ 0.34070000052452087, 0.1632000058889389, 0.029799999669194221, 0.9254000186920166 ],
			"pose_transform": [
				[ 0.32229998707771301, -0.62089997529983521, 0.71460002660751343, 0 ],
				[ 0.94499999284744263, 0.1664000004529953, -0.28169998526573181, 0 ],
				[ -0.056000001728534698, -0.76609998941421509, -0.64029997587203979, 0 ],
				[ -187.36030578613281, -27.453500747680664, 368.96340942382812, 1 ]
			],
			"cuboid_centroid": [ -187.36030578613281, -27.453500747680664, 368.96340942382812 ],
			"projected_cuboid_centroid": [ 472.51058959960938, 468.569091796875 ],
			"bounding_box":
			{
				"top_left": [ 328.30560302734375, 269.22549438476562 ],
				"bottom_right": [ 621.92230224609375, 640.76458740234375 ]
			},
			"cuboid": [
				[ -135.88560485839844, -74.50140380859375, 357.69549560546875 ],
				[ -219.02400207519531, -89.137001037597656, 382.47900390625 ],
				[ -214.50019836425781, -27.281400680541992, 434.18231201171875 ],
				[ -131.36180114746094, -12.645899772644043, 409.3988037109375 ],
				[ -160.22039794921875, -27.625499725341797, 303.744384765625 ],
				[ -243.35879516601562, -42.261100769042969, 328.52801513671875 ],
				[ -238.83500671386719, 19.594499588012695, 380.231201171875 ],
				[ -155.69659423828125, 34.229999542236328, 355.44769287109375 ]
			],
			"projected_cuboid": [
				[ 595.30419921875, 340.04949951171875 ],
				[ 410.26300048828125, 316.27130126953125 ],
				[ 485.72909545898438, 479.67919921875 ],
				[ 651.9697265625, 510.34658813476562 ],
				[ 453.6156005859375, 452.68798828125 ],
				[ 248.87539672851562, 416.50759887695312 ],
				[ 356.99468994140625, 589.47149658203125 ],
				[ 539.49200439453125, 632.44891357421875 ]
			]
		},
		{
			"class": "SM_Coffe_Table_2",
			"instance_id": 0,
			"visibility": 0.84539997577667236,
			"location": [ 38.624198913574219, 46.373699188232422, 288.847412109375 ],
			"quaternion_xyzw": [ 0.18379999697208405, 0.83350002765655518, 0.28839999437332153, 0.43389999866485596 ],
			"pose_transform": [
				[ 0.82940000295639038, 0.321399986743927, -0.45699998736381531, 0 ],
				[ -0.555899977684021, 0.55669999122619629, -0.61729997396469116, 0 ],
				[ -0.056000001728534698, -0.76609998941421509, -0.64029997587203979, 0 ],
				[ 38.624198913574219, 46.373699188232422, 288.847412109375, 1 ]
			],
			"cuboid_centroid": [ 38.624198913574219, 46.373699188232422, 288.847412109375 ],
			"projected_cuboid_centroid": [ 1088.3697509765625, 694.1256103515625 ],
			"bounding_box":
			{
				"top_left": [ 576.57830810546875, 983.4749755859375 ],
				"bottom_right": [ 814.34759521484375, 1201.9012451171875 ]
			},
			"cuboid": [
				[ 45.408901214599609, 56.71929931640625, 245.40580749511719 ],
				[ 77.434799194335938, 24.650100708007812, 280.96990966796875 ],
				[ 79.621101379394531, 54.543701171875, 305.95709228515625 ],
				[ 47.595199584960938, 86.612899780273438, 270.39300537109375 ],
				[ -2.3728001117706299, 38.203701019287109, 271.73770141601562 ],
				[ 29.653099060058594, 6.1345000267028809, 307.30178833007812 ],
				[ 31.839399337768555, 36.028099060058594, 332.28900146484375 ],
				[ -0.18649999797344208, 68.097297668457031, 296.72500610351562 ]
			],
			"projected_cuboid": [
				[ 1137.635009765625, 761.87969970703125 ],
				[ 1224.5745849609375, 624.2230224609375 ],
				[ 1209.8270263671875, 711.1416015625 ],
				[ 1128.9818115234375, 847.50958251953125 ],
				[ 951.61798095703125, 674.966796875 ],
				[ 1052.6356201171875, 559.16412353515625 ],
				[ 1051.98583984375, 644.08709716796875 ],
				[ 959.39697265625, 760.31658935546875 ]
			]
		},
		{
			"class": "SM_Opened_Book",
			"instance_id": 0,
			"visibility": 0,
			"location": [ 39.169101715087891, -9.7470998764038086, 394.50100708007812 ],
			"quaternion_xyzw": [ -0.48609998822212219, -0.10610000044107437, 0.21070000529289246, 0.84140002727508545 ],
			"pose_transform": [
				[ -0.38330000638961792, 0.77340000867843628, 0.50489997863769531, 0 ],
				[ 0.88870000839233398, 0.45770001411437988, -0.026399999856948853, 0 ],
				[ 0.25150001049041748, -0.43849998712539673, 0.8628000020980835, 0 ],
				[ 39.169101715087891, -9.7470998764038086, 394.50100708007812, 1 ]
			],
			"cuboid_centroid": [ 39.169101715087891, -9.7470998764038086, 394.50100708007812 ],
			"projected_cuboid_centroid": [ 1055.31640625, 516.28082275390625 ],
			"bounding_box":
			{
				"top_left": [ 466.21578979492188, 1008.4171752929688 ],
				"bottom_right": [ 568.8114013671875, 1102.658447265625 ]
			},
			"cuboid": [
				[ 43.016998291015625, 9.6080999374389648, 406.21688842773438 ],
				[ 21.741899490356445, -1.3496999740600586, 406.84890747070312 ],
				[ 20.440000534057617, 0.92040002346038818, 402.3828125 ],
				[ 41.715198516845703, 11.878199577331543, 401.75070190429688 ],
				[ 57.898101806640625, -20.414600372314453, 386.61920166015625 ],
				[ 36.623001098632812, -31.372400283813477, 387.25119018554688 ],
				[ 35.321098327636719, -29.102399826049805, 382.78500366210938 ],
				[ 56.596298217773438, -18.144500732421875, 382.15301513671875 ]
			],
			"projected_cuboid": [
				[ 1061.6612548828125, 562.70660400390625 ],
				[ 1011.3024291992188, 536.8153076171875 ],
				[ 1008.7659912109375, 542.19580078125 ],
				[ 1059.680419921875, 568.3834228515625 ],
				[ 1103.7652587890625, 489.30929565429688 ],
				[ 1050.7891845703125, 462.22738647460938 ],
				[ 1048.5833740234375, 467.01309204101562 ],
				[ 1102.175048828125, 494.41940307617188 ]
			]
		},
		{
			"class": "SM_Cup",
			"instance_id": 0,
			"visibility": 0,
			"location": [ 99.605201721191406, 39.800201416015625, 355.5625 ],