{
	"camera_data":
	{
		"location_worldframe": [ 114.19529724121094, 234.26190185546875, 245 ],
		"quaternion_xyzw_worldframe": [ 0.28839999437332153, 0.18379999697208405, -0.83350002765655518, 0.43389999866485596 ]
	},
	"objects": [
		{
			"class": "SM_Sofa",
			"instance_id": 0,
			"visibility": 0.64289999008178711,
			"location": [ 57.721500396728516, -25.122699737548828, 357.54098510742188 ],
			"quaternion_xyzw": [ 0.18379999697208405, 0.83350002765655518, 0.28839999437332153, 0.43389999866485596 ],
			"pose_transform": [
				[ 0.82940000295639038, 0.321399986743927, -0.45699998736381531, 0 ],
				[ -0.555899977684021, 0.55669999122619629, -0.61729997396469116, 0 ],
				[ -0.056000001728534698, -0.76609998941421509, -0.64029997587203979, 0 ],
				[ 57.721500396728516, -25.122699737548828, 357.54098510742188, 1 ]
			],
			"cuboid_centroid": [ 57.721500396728516, -25.122699737548828, 357.54098510742188 ],
			"projected_cuboid_centroid": [ 1114.9827880859375, 472.54541015625 ],
			"bounding_box":
			{
				"top_left": [ 280.6990966796875, 772.43377685546875 ],
				"bottom_right": [ 779.0244140625, 1546.607177734375 ]
			},
			"cuboid": [
				[ 135.86259460449219, 14.843700408935547, 242.20730590820312 ],
				[ 191.4613037109375, -40.8302001953125, 303.948486328125 ],
				[ 195.81520080566406, 18.702699661254883, 353.71038818359375 ],
				[ 140.21650695800781, 74.376602172851562, 291.96920776367188 ],
				[ -80.372299194335938, -68.948097229003906, 361.3717041015625 ],
				[ -24.773599624633789, -124.62200164794922, 423.1129150390625 ],
				[ -20.419700622558594, -65.089103698730469, 472.87478637695312 ],
				[ -76.018402099609375, -9.4152002334594727, 411.13360595703125 ]
			],
			"projected_cuboid": [
				[ 1498.4984130859375, 598.83380126953125 ],
				[ 1564.7176513671875, 411.04071044921875 ],
				[ 1491.4593505859375, 590.76092529296875 ],
				[ 1421.0350341796875, 784.55181884765625 ],
				[ 746.48779296875, 356.83621215820312 ],
				[ 903.7916259765625, 257.24530029296875 ],
				[ 918.54559326171875, 407.86029052734375 ],
				[ 782.49700927734375, 518.015380859375 ]
			]
		},
		{
			"class": "SM_Armchair",
			"instance_id": 0,
			"visibility": 0.86870002746582031,
			"location": [ -206.00199890136719, -8.4008998870849609, 348.21249389648438 ],
			"quaternion_xyzw": [ 0.34070000052452087, 0.1632000058889389, 0.029799999669194221, 0.9254000186920166 ],
			"pose_transform": [
				[ 0.32229998707771301, -0.62089997529983521, 0.71460002660751343, 0 ],
				[ 0.94499999284744263, 0.1664000004529953, -0.28169998526573181, 0 ],
				[ -0.056000001728534698, -0.76609998941421509, -0.64029997587203979, 0 ],
				[ -206.00199890136719, -8.4008998870849609, 348.21249389648438, 1 ]
			],
			"cuboid_centroid": [ -206.00199890136719, -8.4008998870849609, 348.21249389648438 ],
			"projected_cuboid_centroid": [ 392.06600952148438, 516.83917236328125 ],
			"bounding_box":
			{
				"top_left": [ 367.66659545898438, 166.156494140625 ],
				"bottom_right": [ 681.14581298828125, 577.0833740234375 ]
			},
			"cuboid": [
				[ -154.52729797363281, -55.448799133300781, 336.94461059570312 ],
				[ -237.66569519042969, -70.084297180175781, 361.72821044921875 ],
				[ -233.14190673828125, -8.2287998199462891, 413.431396484375 ],
				[ -150.00349426269531, 6.4067001342773438, 388.64788818359375 ],
				[ -178.86210632324219, -8.5728998184204102, 282.99349975585938 ],
				[ -262.00039672851562, -23.208499908447266, 307.777099609375 ],
				[ -257.47671508789062, 38.647098541259766, 359.48040771484375 ],
				[ -174.33830261230469, 53.282600402832031, 334.69680786132812 ]
			],
			"projected_cuboid": [
				[ 519.73162841796875, 382.01889038085938 ],
				[ 329.25311279296875, 354.0010986328125 ],
				[ 418.63800048828125, 520.89239501953125 ],
				[ 589.47637939453125, 555.8251953125 ],
				[ 353.24600219726562, 510.91790771484375 ],
				[ 142.78419494628906, 467.60931396484375 ],
				[ 272.40350341796875, 643.20758056640625 ],
				[ 459.95159912109375, 692.82861328125 ]
			]
		},
		{
			"class": "SM_Coffe_Table_2",
			"instance_id": 0,
			"visibility": 0.95740002393722534,
			"location": [ 8.8852996826171875, 40.319698333740234, 298.573486328125 ],
			"quaternion_xyzw": [ 0.18379999697208405, 0.83350002765655518, 0.28839999437332153, 0.43389999866485596 ],
			"pose_transform": [
				[ 0.82940000295639038, 0.321399986743927, -0.45699998736381531, 0 ],
				[ -0.555899977684021, 0.55669999122619629, -0.61729997396469116, 0 ],
				[ -0.056000001728534698, -0.76609998941421509, -0.64029997587203979, 0 ],
				[ 8.8852996826171875, 40.319698333740234, 298.573486328125, 1 ]
			],
			"cuboid_centroid": [ 8.8852996826171875, 40.319698333740234, 298.573486328125 ],
			"projected_cuboid_centroid": [ 988.56939697265625, 669.639404296875 ],
			"bounding_box":
			{
				"top_left": [ 556.63970947265625, 884.86798095703125 ],
				"bottom_right": [ 784.9918212890625, 1091.6136474609375 ]
			},
			"cuboid": [
				[ 15.670100212097168, 50.665199279785156, 255.13189697265625 ],
				[ 47.695999145507812, 18.596000671386719, 290.69601440429688 ],
				[ 49.882301330566406, 48.489700317382812, 315.68319702148438 ],
				[ 17.856399536132812, 80.55889892578125, 280.11911010742188 ],
				[ -32.111598968505859, 32.149700164794922, 281.46380615234375 ],
				[ -0.085699997842311859, 0.080499999225139618, 317.02789306640625 ],
				[ 2.100600004196167, 29.974100112915039, 342.01510620117188 ],
				[ -29.925300598144531, 62.043300628662109, 306.45098876953125 ]
			],
			"projected_cuboid": [
				[ 1018.9631958007812, 730.64117431640625 ],
				[ 1117.5125732421875, 601.4119873046875 ],
				[ 1111.693359375, 687.45819091796875 ],
				[ 1021.1962280273438, 816.08441162109375 ],
				[ 850.4761962890625, 649.65411376953125 ],
				[ 959.74078369140625, 540.24371337890625 ],
				[ 965.89642333984375, 624.13397216796875 ],
				[ 866.25518798828125, 734.35906982421875 ]
			]
		},
		{
			"class": "SM_Opened_Book",
			"instance_id": 0,
			"visibility": 1,
			"location": [ 12.182499885559082, 140.57820129394531, 258.74191284179688 ],
			"quaternion_xyzw": [ -0.61510002613067627, -0.20589999854564667, -0.56499999761581421, 0.50989997386932373 ],
			"pose_transform": [
				[ 0.48500001430511475, 0.86000001430511475, 0.15860000252723694, 0 ],
				[ 0.27669999003410339, -0.32300001382827759, 0.90509998798370361, 0 ],
				[ -0.82959997653961182, 0.39509999752044678, 0.39460000395774841, 0 ],
				[ 12.182499885559082, 140.57820129394531, 258.74191284179688, 1 ]
			],
			"cuboid_centroid": [ 12.182499885559082, 140.57820129394531, 258.74191284179688 ],
			"projected_cuboid_centroid": [ 1005.2006225585938, 1061.581787109375 ],
			"bounding_box":
			{
				"top_left": [ 969.7105712890625, 958.36798095703125 ],
				"bottom_right": [ 1155.8314208984375, 1056.1741943359375 ]
			},
			"cuboid": [
				[ 22.76140022277832, 154.42680358886719, 273.67498779296875 ],
				[ 16.137800216674805, 162.15840148925781, 252.00810241699219 ],
				[ 20.431999206542969, 160.11320495605469, 249.96549987792969 ],
				[ 27.055599212646484, 152.38160705566406, 271.63250732421875 ],
				[ 3.9330999851226807, 121.04309844970703, 267.5181884765625 ],
				[ -2.690500020980835, 128.77479553222656, 245.85130310058594 ],
				[ 1.603600025177002, 126.72959899902344, 243.80870056152344 ],
				[ 8.2271995544433594, 118.99790191650391, 265.4755859375 ]
			],
			"projected_cuboid": [
				[ 1039.843017578125, 1081.6998291015625 ],
				[ 1021.475830078125, 1157.7265625 ],
				[ 1038.4698486328125, 1154.9197998046875 ],
				[ 1055.6197509765625, 1078.5450439453125 ],
				[ 974.1143798828125, 974.36822509765625 ],
				[ 949.494384765625, 1042.839599609375 ],
				[ 966.3145751953125, 1038.9993896484375 ],
				[ 989.751220703125, 970.31439208984375 ]
			]
		},
		{
			"class": "SM_Cup",
			"instance_id": 0,
			"visibility": 1,
			"location": [ 11.748900413513184, -65.868598937988281, 262.06698608398438 ],